/*******************************************************************************
 * Size: 22 px
 * Bpp: 4
 * Opts: --font assets/NotoSansSC-subset.ttf --size 22 --bpp 4 --format lvgl --range 0x20-0x7e --symbols 圆翼闯关轻点起飞穿过光门完成四关第关已通过点击屏幕振翅暂停继续重新开始返回桌面再试一次下一关全部通关漂亮飞行选择关卡已解锁未解锁准备好了吗保持节奏避开障碍退出关卡继续飞行通关成功飞行结束点击开始剩余当前最高进度按空格或轻点起飞。· --no-compress -o assets/roundwing_font_22.c
 ******************************************************************************/

#ifdef LV_LVGL_H_INCLUDE_SIMPLE
#include "lvgl.h"
#else
#include "lvgl/lvgl.h"
#endif

#ifndef ROUNDWING_FONT_22
#define ROUNDWING_FONT_22 1
#endif

#if ROUNDWING_FONT_22

/*-----------------
 *    BITMAPS
 *----------------*/

/*Store the image of the glyphs*/
static LV_ATTRIBUTE_LARGE_CONST const uint8_t glyph_bitmap[] = {
    /* U+0020 " " */

    /* U+0021 "!" */
    0x8f, 0xf0, 0x7f, 0xf0, 0x6f, 0xf0, 0x6f, 0xf0,
    0x5f, 0xe0, 0x5f, 0xe0, 0x4f, 0xd0, 0x3f, 0xc0,
    0x3f, 0xc0, 0x2f, 0xb0, 0x2f, 0xa0, 0x1f, 0x90,
    0x0, 0x0, 0x2b, 0x80, 0xcf, 0xf5, 0xdf, 0xf6,
    0x5e, 0xc0,

    /* U+0022 "\"" */
    0xf, 0xf9, 0x3, 0xff, 0x60, 0xff, 0x80, 0x2f,
    0xf6, 0xf, 0xf8, 0x2, 0xff, 0x50, 0xef, 0x60,
    0xf, 0xf4, 0xc, 0xf5, 0x0, 0xff, 0x20, 0xaf,
    0x30, 0xd, 0xf0, 0x8, 0xf1, 0x0, 0xbe, 0x0,
    0x24, 0x0, 0x3, 0x40,

    /* U+0023 "#" */
    0x0, 0x0, 0xea, 0x0, 0x4f, 0x40, 0x0, 0x0,
    0xf8, 0x0, 0x6f, 0x20, 0x0, 0x2, 0xf6, 0x0,
    0x8f, 0x0, 0x0, 0x4, 0xf4, 0x0, 0xae, 0x0,
    0xa, 0xff, 0xff, 0xff, 0xff, 0xfd, 0x8, 0xce,
    0xfc, 0xcc, 0xfe, 0xca, 0x0, 0xa, 0xe0, 0x0,
    0xf9, 0x0, 0x0, 0xc, 0xc0, 0x2, 0xf7, 0x0,
    0x0, 0xd, 0xb0, 0x3, 0xf5, 0x0, 0x0, 0xf,
    0x90, 0x5, 0xf4, 0x0, 0x2f, 0xff, 0xff, 0xff,
    0xff, 0xf5, 0x1c, 0xdf, 0xdc, 0xce, 0xfc, 0xc3,
    0x0, 0x4f, 0x40, 0xa, 0xe0, 0x0, 0x0, 0x6f,
    0x20, 0xc, 0xc0, 0x0, 0x0, 0x8f, 0x0, 0xe,
    0xb0, 0x0, 0x0, 0xaf, 0x0, 0xf, 0x90, 0x0,
    0x0, 0xbd, 0x0, 0x2f, 0x70, 0x0,

    /* U+0024 "$" */
    0x0, 0x0, 0x48, 0x10, 0x0, 0x0, 0x0, 0x8,
    0xf3, 0x0, 0x0, 0x0, 0x0, 0x8f, 0x30, 0x0,
    0x0, 0x2, 0x9f, 0xff, 0x91, 0x0, 0x2, 0xff,
    0xff, 0xff, 0xf3, 0x0, 0xcf, 0xf6, 0x35, 0xcf,
    0x60, 0x1f, 0xf7, 0x0, 0x0, 0x40, 0x2, 0xff,
    0x40, 0x0, 0x0, 0x0, 0x1f, 0xf9, 0x0, 0x0,
    0x0, 0x0, 0xaf, 0xf9, 0x10, 0x0, 0x0, 0x0,
    0xcf, 0xfe, 0x70, 0x0, 0x0, 0x0, 0x8f, 0xff,
    0xd3, 0x0, 0x0, 0x0, 0x1a, 0xff, 0xf2, 0x0,
    0x0, 0x0, 0x5, 0xff, 0xb0, 0x0, 0x0, 0x0,
    0x9, 0xff, 0x0, 0x0, 0x0, 0x0, 0x6f, 0xf0,
    0x9, 0x10, 0x0, 0xa, 0xfe, 0x8, 0xff, 0x84,
    0x49, 0xff, 0x80, 0x3e, 0xff, 0xff, 0xff, 0xc0,
    0x0, 0x6, 0xcf, 0xff, 0x70, 0x0, 0x0, 0x0,
    0x8f, 0x30, 0x0, 0x0, 0x0, 0x8, 0xf3, 0x0,
    0x0, 0x0, 0x0, 0x48, 0x10, 0x0, 0x0,

    /* U+0025 "%" */
    0x0, 0x4c, 0xfd, 0x60, 0x0, 0x0, 0x4, 0xf4,
    0x0, 0x0, 0x4, 0xfe, 0xae, 0xf6, 0x0, 0x0,
    0xd, 0xc0, 0x0, 0x0, 0xc, 0xf3, 0x1, 0xfe,
    0x0, 0x0, 0x5f, 0x30, 0x0, 0x0, 0x1f, 0xc0,
    0x0, 0xaf, 0x30, 0x0, 0xdb, 0x0, 0x0, 0x0,
    0x2f, 0xa0, 0x0, 0x8f, 0x50, 0x6, 0xf3, 0x0,
    0x0, 0x0, 0x2f, 0xa0, 0x0, 0x8f, 0x50, 0xe,
    0xa0, 0x0, 0x0, 0x0, 0xf, 0xc0, 0x0, 0xaf,
    0x30, 0x7f, 0x20, 0x27, 0x73, 0x0, 0xc, 0xf3,
    0x1, 0xfe, 0x0, 0xea, 0x5, 0xff, 0xff, 0x70,
    0x4, 0xfe, 0x9d, 0xf6, 0x7, 0xf2, 0x1f, 0xe3,
    0x2d, 0xf3, 0x0, 0x4c, 0xfd, 0x60, 0x1f, 0x90,
    0x6f, 0x60, 0x4, 0xf9, 0x0, 0x0, 0x0, 0x0,
    0x8f, 0x10, 0x9f, 0x30, 0x0, 0xfc, 0x0, 0x0,
    0x0, 0x1, 0xf8, 0x0, 0xaf, 0x20, 0x0, 0xfd,
    0x0, 0x0, 0x0, 0x9, 0xf1, 0x0, 0xaf, 0x20,
    0x0, 0xfc, 0x0, 0x0, 0x0, 0x1f, 0x80, 0x0,
    0x8f, 0x50, 0x2, 0xfa, 0x0, 0x0, 0x0, 0x9e,
    0x0, 0x0, 0x3f, 0xb0, 0x9, 0xf5, 0x0, 0x0,
    0x2, 0xf7, 0x0, 0x0, 0xa, 0xfc, 0xbf, 0xd0,
    0x0, 0x0, 0xa, 0xe0, 0x0, 0x0, 0x0, 0x9e,
    0xea, 0x10,

    /* U+0026 "&" */
    0x0, 0x0, 0x4c, 0xfe, 0x80, 0x0, 0x0, 0x0,
    0x0, 0x5, 0xff, 0xef, 0xfa, 0x0, 0x0, 0x0,
    0x0, 0xe, 0xf8, 0x2, 0xff, 0x0, 0x0, 0x0,
    0x0, 0x2f, 0xf0, 0x0, 0xdf, 0x20, 0x0, 0x0,
    0x0, 0x2f, 0xf0, 0x1, 0xff, 0x0, 0x0, 0x0,
    0x0, 0xf, 0xf3, 0x1c, 0xf8, 0x0, 0x0, 0x0,
    0x0, 0xa, 0xfe, 0xef, 0xa0, 0x0, 0x0, 0x0,
    0x0, 0x4, 0xff, 0xf7, 0x0, 0x0, 0x14, 0x40,
    0x0, 0x3e, 0xff, 0xf0, 0x0, 0x0, 0xaf, 0xb0,
    0x3, 0xff, 0xdf, 0xfa, 0x0, 0x0, 0xff, 0x50,
    0xd, 0xfc, 0x4, 0xff, 0x90, 0x7, 0xfe, 0x0,
    0x2f, 0xf5, 0x0, 0x7f, 0xf9, 0x1f, 0xf6, 0x0,
    0x3f, 0xf3, 0x0, 0x8, 0xff, 0xff, 0xd0, 0x0,
    0x1f, 0xf8, 0x0, 0x0, 0x8f, 0xff, 0x70, 0x0,
    0xb, 0xff, 0x82, 0x26, 0xef, 0xff, 0xfb, 0x50,
    0x1, 0xef, 0xff, 0xff, 0xfe, 0x6b, 0xff, 0xe0,
    0x0, 0x18, 0xdf, 0xec, 0x70, 0x0, 0x4a, 0x90,

    /* U+0027 "'" */
    0xf, 0xf9, 0xf, 0xf8, 0xf, 0xf8, 0xe, 0xf6,
    0xc, 0xf5, 0xa, 0xf3, 0x8, 0xf1, 0x2, 0x40,

    /* U+0028 "(" */
    0x0, 0x0, 0x0, 0x0, 0x1, 0xd5, 0x0, 0x8,
    0xf6, 0x0, 0x1f, 0xe0, 0x0, 0x7f, 0x80, 0x0,
    0xdf, 0x30, 0x2, 0xfe, 0x0, 0x6, 0xfa, 0x0,
    0x9, 0xf7, 0x0, 0xd, 0xf4, 0x0, 0xe, 0xf2,
    0x0, 0xf, 0xf1, 0x0, 0xf, 0xf1, 0x0, 0xf,
    0xf1, 0x0, 0xe, 0xf2, 0x0, 0xd, 0xf3, 0x0,
    0xb, 0xf5, 0x0, 0x8, 0xf8, 0x0, 0x5, 0xfb,
    0x0, 0x1, 0xff, 0x0, 0x0, 0xaf, 0x50, 0x0,
    0x4f, 0xa0, 0x0, 0xd, 0xf2, 0x0, 0x5, 0xf9,
    0x0, 0x0, 0x60,

    /* U+0029 ")" */
    0x0, 0x0, 0x7, 0xc0, 0x0, 0x9f, 0x50, 0x2,
    0xfd, 0x0, 0xb, 0xf4, 0x0, 0x6f, 0xa0, 0x1,
    0xff, 0x0, 0xd, 0xf3, 0x0, 0xaf, 0x70, 0x7,
    0xfa, 0x0, 0x5f, 0xb0, 0x4, 0xfc, 0x0, 0x3f,
    0xd0, 0x4, 0xfd, 0x0, 0x5f, 0xc0, 0x6, 0xfb,
    0x0, 0x8f, 0x90, 0xb, 0xf5, 0x0, 0xef, 0x20,
    0x3f, 0xd0, 0x8, 0xf7, 0x0, 0xdf, 0x20, 0x5f,
    0xa0, 0xc, 0xf2, 0x0, 0x15, 0x0, 0x0,

    /* U+002A "*" */
    0x0, 0x7, 0xf1, 0x0, 0x0, 0x0, 0x8f, 0x20,
    0x0, 0x49, 0x5a, 0xf6, 0x6a, 0x8, 0xff, 0xff,
    0xff, 0xf2, 0x3, 0xbf, 0xff, 0x71, 0x0, 0xa,
    0xff, 0xf4, 0x0, 0x3, 0xfc, 0x4f, 0xd0, 0x0,
    0x4d, 0x10, 0x5d, 0x10, 0x0, 0x0, 0x0, 0x0,
    0x0,

    /* U+002B "+" */
    0x0, 0x0, 0xa, 0xe3, 0x0, 0x0, 0x0, 0x0,
    0xb, 0xf3, 0x0, 0x0, 0x0, 0x0, 0xb, 0xf3,
    0x0, 0x0, 0x0, 0x0, 0xb, 0xf3, 0x0, 0x0,
    0x0, 0x0, 0xb, 0xf3, 0x0, 0x0, 0x2f, 0xff,
    0xff, 0xff, 0xff, 0xfa, 0x2f, 0xff, 0xff, 0xff,
    0xff, 0xfb, 0x0, 0x0, 0xb, 0xf3, 0x0, 0x0,
    0x0, 0x0, 0xb, 0xf3, 0x0, 0x0, 0x0, 0x0,
    0xb, 0xf3, 0x0, 0x0, 0x0, 0x0, 0xb, 0xf3,
    0x0, 0x0, 0x0, 0x0, 0xb, 0xf3, 0x0, 0x0,

    /* U+002C "," */
    0x2, 0x51, 0x2, 0xff, 0xd0, 0x5f, 0xff, 0x30,
    0xbf, 0xf4, 0x0, 0x8f, 0x30, 0xd, 0xe0, 0x1b,
    0xf6, 0xa, 0xf8, 0x0, 0x33, 0x0, 0x0,

    /* U+002D "-" */
    0xff, 0xff, 0xfd, 0xff, 0xff, 0xfd,

    /* U+002E "." */
    0x8, 0xb3, 0x4f, 0xfd, 0x5f, 0xfe, 0xb, 0xf6,

    /* U+002F "/" */
    0x0, 0x0, 0x0, 0xcf, 0x0, 0x0, 0x0, 0xf,
    0xb0, 0x0, 0x0, 0x4, 0xf7, 0x0, 0x0, 0x0,
    0x9f, 0x20, 0x0, 0x0, 0xd, 0xe0, 0x0, 0x0,
    0x1, 0xfa, 0x0, 0x0, 0x0, 0x6f, 0x50, 0x0,
    0x0, 0xa, 0xf1, 0x0, 0x0, 0x0, 0xed, 0x0,
    0x0, 0x0, 0x3f, 0x80, 0x0, 0x0, 0x7, 0xf4,
    0x0, 0x0, 0x0, 0xcf, 0x0, 0x0, 0x0, 0xf,
    0xb0, 0x0, 0x0, 0x4, 0xf7, 0x0, 0x0, 0x0,
    0x9f, 0x30, 0x0, 0x0, 0xd, 0xe0, 0x0, 0x0,
    0x1, 0xfa, 0x0, 0x0, 0x0, 0x6f, 0x60, 0x0,
    0x0, 0xa, 0xf2, 0x0, 0x0, 0x0, 0xed, 0x0,
    0x0, 0x0, 0x3f, 0x90, 0x0, 0x0, 0x7, 0xf5,
    0x0, 0x0, 0x0, 0x58, 0x0, 0x0, 0x0, 0x0,

    /* U+0030 "0" */
    0x0, 0x19, 0xdf, 0xc5, 0x0, 0x0, 0x1e, 0xff,
    0xff, 0xf8, 0x0, 0xb, 0xfe, 0x52, 0x9f, 0xf4,
    0x3, 0xff, 0x50, 0x0, 0xbf, 0xb0, 0x8f, 0xe0,
    0x0, 0x5, 0xff, 0xb, 0xfb, 0x0, 0x0, 0x2f,
    0xf4, 0xdf, 0x80, 0x0, 0x0, 0xff, 0x6e, 0xf8,
    0x0, 0x0, 0xf, 0xf7, 0xff, 0x70, 0x0, 0x0,
    0xef, 0x7e, 0xf8, 0x0, 0x0, 0xf, 0xf6, 0xdf,
    0x90, 0x0, 0x0, 0xff, 0x5b, 0xfb, 0x0, 0x0,
    0x2f, 0xf3, 0x7f, 0xe0, 0x0, 0x6, 0xff, 0x2,
    0xff, 0x50, 0x0, 0xcf, 0xb0, 0xb, 0xfe, 0x52,
    0x9f, 0xf3, 0x0, 0x1d, 0xff, 0xff, 0xf8, 0x0,
    0x0, 0x19, 0xdf, 0xc5, 0x0, 0x0,

    /* U+0031 "1" */
    0x0, 0x3, 0xbf, 0xf0, 0x0, 0x0, 0x5e, 0xff,
    0xff, 0x0, 0x0, 0x7, 0xff, 0xff, 0xf0, 0x0,
    0x0, 0x0, 0x9, 0xff, 0x0, 0x0, 0x0, 0x0,
    0x9f, 0xf0, 0x0, 0x0, 0x0, 0x9, 0xff, 0x0,
    0x0, 0x0, 0x0, 0x9f, 0xf0, 0x0, 0x0, 0x0,
    0x9, 0xff, 0x0, 0x0, 0x0, 0x0, 0x9f, 0xf0,
    0x0, 0x0, 0x0, 0x9, 0xff, 0x0, 0x0, 0x0,
    0x0, 0x9f, 0xf0, 0x0, 0x0, 0x0, 0x9, 0xff,
    0x0, 0x0, 0x0, 0x0, 0x9f, 0xf0, 0x0, 0x0,
    0x0, 0x9, 0xff, 0x0, 0x0, 0x3, 0x33, 0xaf,
    0xf3, 0x33, 0x2, 0xff, 0xff, 0xff, 0xff, 0xf2,
    0x2f, 0xff, 0xff, 0xff, 0xff, 0x20,

    /* U+0032 "2" */
    0x0, 0x18, 0xdf, 0xeb, 0x40, 0x0, 0x3, 0xef,
    0xff, 0xff, 0xf6, 0x0, 0xe, 0xfd, 0x53, 0x5e,
    0xff, 0x10, 0x3, 0xb0, 0x0, 0x2, 0xff, 0x70,
    0x0, 0x0, 0x0, 0x0, 0xef, 0x90, 0x0, 0x0,
    0x0, 0x0, 0xdf, 0x90, 0x0, 0x0, 0x0, 0x0,
    0xff, 0x70, 0x0, 0x0, 0x0, 0x6, 0xff, 0x20,
    0x0, 0x0, 0x0, 0xd, 0xfb, 0x0, 0x0, 0x0,
    0x0, 0x8f, 0xf3, 0x0, 0x0, 0x0, 0x4, 0xff,
    0x80, 0x0, 0x0, 0x0, 0x2e, 0xfc, 0x0, 0x0,
    0x0, 0x2, 0xef, 0xe1, 0x0, 0x0, 0x0, 0x1d,
    0xfe, 0x20, 0x0, 0x0, 0x2, 0xef, 0xf5, 0x34,
    0x44, 0x41, 0xe, 0xff, 0xff, 0xff, 0xff, 0xf7,
    0xf, 0xff, 0xff, 0xff, 0xff, 0xf7,

    /* U+0033 "3" */
    0x0, 0x7, 0xdf, 0xec, 0x60, 0x0, 0x3, 0xef,
    0xff, 0xff, 0xfb, 0x0, 0x7, 0xfd, 0x53, 0x4c,
    0xff, 0x60, 0x0, 0x50, 0x0, 0x0, 0xff, 0xb0,
    0x0, 0x0, 0x0, 0x0, 0xdf, 0xb0, 0x0, 0x0,
    0x0, 0x2, 0xff, 0x70, 0x0, 0x0, 0x1, 0x6e,
    0xfd, 0x0, 0x0, 0x0, 0xff, 0xff, 0x91, 0x0,
    0x0, 0x0, 0xff, 0xff, 0xd5, 0x0, 0x0, 0x0,
    0x1, 0x4b, 0xff, 0x60, 0x0, 0x0, 0x0, 0x0,
    0xbf, 0xe0, 0x0, 0x0, 0x0, 0x0, 0x5f, 0xf3,
    0x0, 0x0, 0x0, 0x0, 0x5f, 0xf4, 0x8, 0x80,
    0x0, 0x0, 0xbf, 0xf1, 0x2f, 0xfc, 0x63, 0x5b,
    0xff, 0xa0, 0x7, 0xff, 0xff, 0xff, 0xfc, 0x10,
    0x0, 0x29, 0xdf, 0xfc, 0x60, 0x0,

    /* U+0034 "4" */
    0x0, 0x0, 0x0, 0x6f, 0xfd, 0x0, 0x0, 0x0,
    0x1, 0xff, 0xfd, 0x0, 0x0, 0x0, 0xa, 0xfe,
    0xfd, 0x0, 0x0, 0x0, 0x4f, 0xe8, 0xfd, 0x0,
    0x0, 0x0, 0xef, 0x78, 0xfd, 0x0, 0x0, 0x8,
    0xfd, 0x8, 0xfd, 0x0, 0x0, 0x3f, 0xf4, 0x8,
    0xfd, 0x0, 0x0, 0xcf, 0x90, 0x8, 0xfd, 0x0,
    0x7, 0xfe, 0x10, 0x8, 0xfd, 0x0, 0x1f, 0xf5,
    0x0, 0x8, 0xfd, 0x0, 0x8f, 0xff, 0xff, 0xff,
    0xff, 0xfe, 0x9f, 0xff, 0xff, 0xff, 0xff, 0xfe,
    0x1, 0x11, 0x11, 0x1a, 0xfe, 0x11, 0x0, 0x0,
    0x0, 0x8, 0xfd, 0x0, 0x0, 0x0, 0x0, 0x8,
    0xfd, 0x0, 0x0, 0x0, 0x0, 0x8, 0xfd, 0x0,
    0x0, 0x0, 0x0, 0x8, 0xfd, 0x0,

    /* U+0035 "5" */
    0x0, 0xaf, 0xff, 0xff, 0xff, 0x90, 0x0, 0xbf,
    0xff, 0xff, 0xff, 0x90, 0x0, 0xcf, 0xa4, 0x44,
    0x44, 0x20, 0x0, 0xdf, 0x70, 0x0, 0x0, 0x0,
    0x0, 0xef, 0x60, 0x0, 0x0, 0x0, 0x0, 0xff,
    0x40, 0x0, 0x0, 0x0, 0x0, 0xff, 0xad, 0xfd,
    0x91, 0x0, 0x1, 0xff, 0xff, 0xff, 0xfe, 0x20,
    0x0, 0x7a, 0x30, 0x18, 0xff, 0xc0, 0x0, 0x0,
    0x0, 0x0, 0xaf, 0xf2, 0x0, 0x0, 0x0, 0x0,
    0x5f, 0xf4, 0x0, 0x0, 0x0, 0x0, 0x3f, 0xf5,
    0x0, 0x0, 0x0, 0x0, 0x6f, 0xf3, 0x7, 0x50,
    0x0, 0x0, 0xdf, 0xe0, 0x2f, 0xfb, 0x64, 0x5c,
    0xff, 0x70, 0x7, 0xff, 0xff, 0xff, 0xf9, 0x0,
    0x0, 0x29, 0xdf, 0xeb, 0x50, 0x0,

    /* U+0036 "6" */
    0x0, 0x3, 0xae, 0xfd, 0x80, 0x0, 0x6, 0xff,
    0xff, 0xff, 0xd1, 0x4, 0xff, 0xc5, 0x36, 0xea,
    0x0, 0xdf, 0xc0, 0x0, 0x1, 0x0, 0x3f, 0xf3,
    0x0, 0x0, 0x0, 0x7, 0xfd, 0x0, 0x0, 0x0,
    0x0, 0xaf, 0xa0, 0x8d, 0xeb, 0x40, 0xc, 0xfa,
    0xdf, 0xff, 0xff, 0x50, 0xcf, 0xfd, 0x40, 0x2c,
    0xff, 0x1c, 0xff, 0x10, 0x0, 0x2f, 0xf6, 0xbf,
    0x90, 0x0, 0x0, 0xdf, 0x89, 0xfc, 0x0, 0x0,
    0xc, 0xf9, 0x5f, 0xf0, 0x0, 0x0, 0xef, 0x70,
    0xff, 0x70, 0x0, 0x3f, 0xf3, 0x7, 0xff, 0x71,
    0x4d, 0xfc, 0x0, 0xa, 0xff, 0xff, 0xfe, 0x20,
    0x0, 0x6, 0xcf, 0xe9, 0x10, 0x0,

    /* U+0037 "7" */
    0xef, 0xff, 0xff, 0xff, 0xff, 0x8e, 0xff, 0xff,
    0xff, 0xff, 0xf7, 0x34, 0x44, 0x44, 0x4a, 0xfd,
    0x0, 0x0, 0x0, 0x2, 0xff, 0x30, 0x0, 0x0,
    0x0, 0xaf, 0x90, 0x0, 0x0, 0x0, 0x3f, 0xf1,
    0x0, 0x0, 0x0, 0xa, 0xfa, 0x0, 0x0, 0x0,
    0x1, 0xff, 0x40, 0x0, 0x0, 0x0, 0x6f, 0xe0,
    0x0, 0x0, 0x0, 0xb, 0xfa, 0x0, 0x0, 0x0,
    0x0, 0xef, 0x70, 0x0, 0x0, 0x0, 0x1f, 0xf4,
    0x0, 0x0, 0x0, 0x5, 0xff, 0x20, 0x0, 0x0,
    0x0, 0x7f, 0xf1, 0x0, 0x0, 0x0, 0x9, 0xff,
    0x0, 0x0, 0x0, 0x0, 0xaf, 0xe0, 0x0, 0x0,
    0x0, 0xb, 0xfd, 0x0, 0x0, 0x0,

    /* U+0038 "8" */
    0x0, 0x2a, 0xef, 0xd8, 0x0, 0x0, 0x3f, 0xff,
    0xff, 0xfd, 0x0, 0xd, 0xfc, 0x10, 0x3e, 0xf8,
    0x2, 0xff, 0x20, 0x0, 0x6f, 0xd0, 0x3f, 0xf0,
    0x0, 0x3, 0xfe, 0x1, 0xff, 0x40, 0x0, 0x5f,
    0xb0, 0x9, 0xfe, 0x20, 0xa, 0xf4, 0x0, 0xb,
    0xff, 0x97, 0xf8, 0x0, 0x0, 0x8f, 0xff, 0xff,
    0x20, 0x0, 0xbf, 0x81, 0x8f, 0xff, 0x40, 0x6f,
    0xc0, 0x0, 0x1d, 0xfe, 0x1d, 0xf5, 0x0, 0x0,
    0x2f, 0xf6, 0xff, 0x40, 0x0, 0x0, 0xef, 0x8d,
    0xf9, 0x0, 0x0, 0x1f, 0xf6, 0x7f, 0xf7, 0x0,
    0x2c, 0xff, 0x10, 0xaf, 0xff, 0xff, 0xff, 0x50,
    0x0, 0x5b, 0xef, 0xe9, 0x20, 0x0,

    /* U+0039 "9" */
    0x0, 0x6, 0xcf, 0xea, 0x20, 0x0, 0x0, 0xaf,
    0xff, 0xff, 0xf5, 0x0, 0x6, 0xff, 0x81, 0x3b,
    0xff, 0x10, 0xd, 0xfa, 0x0, 0x0, 0xdf, 0x90,
    0xf, 0xf5, 0x0, 0x0, 0x7f, 0xe0, 0xf, 0xf5,
    0x0, 0x0, 0x3f, 0xf2, 0xe, 0xf8, 0x0, 0x0,
    0x5f, 0xf4, 0x9, 0xff, 0x50, 0x6, 0xff, 0xf5,
    0x1, 0xef, 0xff, 0xff, 0x9f, 0xf5, 0x0, 0x19,
    0xef, 0xd5, 0xf, 0xf4, 0x0, 0x0, 0x0, 0x0,
    0x2f, 0xf3, 0x0, 0x0, 0x0, 0x0, 0x6f, 0xf0,
    0x0, 0x0, 0x0, 0x0, 0xbf, 0xb0, 0x0, 0x40,
    0x0, 0x4, 0xff, 0x50, 0x4, 0xfc, 0x54, 0x8f,
    0xfc, 0x0, 0x6, 0xff, 0xff, 0xff, 0xd1, 0x0,
    0x0, 0x3a, 0xef, 0xd7, 0x0, 0x0,

    /* U+003A ":" */
    0xb, 0xf6, 0x5f, 0xfe, 0x4f, 0xfd, 0x7, 0xa3,
    0x0, 0x0, 0x0, 0x0, 0x0, 0x0, 0x0, 0x0,
    0x0, 0x0, 0x8, 0xb3, 0x4f, 0xfd, 0x5f, 0xfe,
    0xb, 0xf6,

    /* U+003B ";" */
    0xb, 0xf6, 0x5, 0xff, 0xe0, 0x4f, 0xfd, 0x0,
    0x7a, 0x30, 0x0, 0x0, 0x0, 0x0, 0x0, 0x0,
    0x0, 0x0, 0x0, 0x0, 0x0, 0x0, 0x0, 0x25,
    0x10, 0x2f, 0xfd, 0x5, 0xff, 0xf3, 0xb, 0xff,
    0x40, 0x8, 0xf3, 0x0, 0xde, 0x1, 0xbf, 0x60,
    0xaf, 0x80, 0x3, 0x30, 0x0,

    /* U+003C "<" */
    0x0, 0x0, 0x0, 0x0, 0x0, 0x0, 0x0, 0x0,
    0x0, 0x0, 0x2, 0x8a, 0x0, 0x0, 0x0, 0x5,
    0xbf, 0xfb, 0x0, 0x0, 0x18, 0xef, 0xff, 0xa3,
    0x0, 0x4b, 0xff, 0xfc, 0x61, 0x0, 0x1d, 0xff,
    0xe8, 0x20, 0x0, 0x0, 0x2f, 0xfd, 0x20, 0x0,
    0x0, 0x0, 0x1a, 0xff, 0xfc, 0x60, 0x0, 0x0,
    0x0, 0x17, 0xef, 0xff, 0x93, 0x0, 0x0, 0x0,
    0x4, 0xbf, 0xff, 0xd6, 0x0, 0x0, 0x0, 0x2,
    0x8e, 0xfb, 0x0, 0x0, 0x0, 0x0, 0x0, 0x57,

    /* U+003D "=" */
    0x2f, 0xff, 0xff, 0xff, 0xff, 0xfb, 0x2e, 0xee,
    0xee, 0xee, 0xee, 0xea, 0x0, 0x0, 0x0, 0x0,
    0x0, 0x0, 0x0, 0x0, 0x0, 0x0, 0x0, 0x0,
    0x0, 0x0, 0x0, 0x0, 0x0, 0x0, 0x0, 0x0,
    0x0, 0x0, 0x0, 0x0, 0x2f, 0xff, 0xff, 0xff,
    0xff, 0xfb, 0x2f, 0xff, 0xff, 0xff, 0xff, 0xfa,

    /* U+003E ">" */
    0x0, 0x0, 0x0, 0x0, 0x0, 0x0, 0x2c, 0x50,
    0x0, 0x0, 0x0, 0x0, 0x2f, 0xfe, 0x82, 0x0,
    0x0, 0x0, 0x7, 0xdf, 0xff, 0xb5, 0x0, 0x0,
    0x0, 0x3, 0x9e, 0xff, 0xe8, 0x10, 0x0, 0x0,
    0x0, 0x5b, 0xff, 0xf8, 0x0, 0x0, 0x0, 0x0,
    0x6f, 0xfb, 0x0, 0x0, 0x2, 0x8e, 0xff, 0xd6,
    0x0, 0x16, 0xcf, 0xff, 0xb4, 0x0, 0x1a, 0xff,
    0xfe, 0x81, 0x0, 0x0, 0x2f, 0xfc, 0x50, 0x0,
    0x0, 0x0, 0x29, 0x20, 0x0, 0x0, 0x0, 0x0,

    /* U+003F "?" */
    0x0, 0x29, 0xef, 0xd8, 0x10, 0x5, 0xff, 0xff,
    0xff, 0xd0, 0xa, 0xfa, 0x43, 0xbf, 0xf6, 0x0,
    0x30, 0x0, 0xe, 0xfa, 0x0, 0x0, 0x0, 0xd,
    0xf9, 0x0, 0x0, 0x0, 0x3f, 0xf5, 0x0, 0x0,
    0x0, 0xdf, 0xa0, 0x0, 0x0, 0xb, 0xfd, 0x10,
    0x0, 0x0, 0x6f, 0xf2, 0x0, 0x0, 0x0, 0xef,
    0x80, 0x0, 0x0, 0x1, 0xff, 0x20, 0x0, 0x0,
    0x0, 0x66, 0x0, 0x0, 0x0, 0x0, 0x0, 0x0,
    0x0, 0x0, 0x0, 0x9a, 0x10, 0x0, 0x0, 0x8,
    0xff, 0xa0, 0x0, 0x0, 0x9, 0xff, 0xb0, 0x0,
    0x0, 0x2, 0xde, 0x30, 0x0,

    /* U+0040 "@" */
    0x0, 0x0, 0x0, 0x16, 0xbd, 0xff, 0xd9, 0x30,
    0x0, 0x0, 0x0, 0x0, 0x7, 0xff, 0xfd, 0xbc,
    0xef, 0xfa, 0x0, 0x0, 0x0, 0x1, 0xcf, 0xe6,
    0x10, 0x0, 0x3, 0xbf, 0xd0, 0x0, 0x0, 0xd,
    0xfa, 0x0, 0x0, 0x0, 0x0, 0x9, 0xfa, 0x0,
    0x0, 0xaf, 0x90, 0x0, 0x0, 0x0, 0x0, 0x0,
    0xbf, 0x30, 0x4, 0xfc, 0x0, 0x0, 0x0, 0x0,
    0x0, 0x0, 0x3f, 0xa0, 0xc, 0xf3, 0x0, 0x1,
    0xae, 0xe6, 0xce, 0x0, 0xd, 0xe0, 0x1f, 0xb0,
    0x0, 0x2e, 0xfe, 0xef, 0xfb, 0x0, 0xa, 0xf1,
    0x6f, 0x70, 0x0, 0xcf, 0x90, 0xa, 0xf7, 0x0,
    0x9, 0xf2, 0x9f, 0x30, 0x4, 0xfd, 0x0, 0x9,
    0xf4, 0x0, 0x9, 0xf1, 0xaf, 0x10, 0x9, 0xf6,
    0x0, 0xc, 0xf1, 0x0, 0xb, 0xf0, 0xbf, 0x0,
    0xc, 0xf3, 0x0, 0xe, 0xe0, 0x0, 0xf, 0xc0,
    0xbf, 0x10, 0xb, 0xf4, 0x0, 0x2f, 0xd0, 0x0,
    0x8f, 0x50, 0x9f, 0x30, 0x8, 0xfb, 0x13, 0xdf,
    0xf3, 0x17, 0xfc, 0x0, 0x6f, 0x70, 0x1, 0xef,
    0xff, 0xa5, 0xff, 0xff, 0xc1, 0x0, 0x1f, 0xe0,
    0x0, 0x18, 0xa5, 0x0, 0x5a, 0xa6, 0x0, 0x0,
    0xa, 0xf8, 0x0, 0x0, 0x0, 0x0, 0x0, 0x0,
    0x0, 0x0, 0x1, 0xef, 0x70, 0x0, 0x0, 0x0,
    0x0, 0x0, 0x0, 0x0, 0x0, 0x3f, 0xfb, 0x40,
    0x0, 0x1, 0x75, 0x0, 0x0, 0x0, 0x0, 0x2,
    0xcf, 0xff, 0xcc, 0xdf, 0xfb, 0x0, 0x0, 0x0,
    0x0, 0x0, 0x4, 0x9d, 0xff, 0xeb, 0x60, 0x0,
    0x0, 0x0,

    /* U+0041 "A" */
    0x0, 0x0, 0xc, 0xff, 0x70, 0x0, 0x0, 0x0,
    0x0, 0x1f, 0xff, 0xc0, 0x0, 0x0, 0x0, 0x0,
    0x6f, 0xbf, 0xf1, 0x0, 0x0, 0x0, 0x0, 0xbf,
    0x6c, 0xf6, 0x0, 0x0, 0x0, 0x1, 0xff, 0x28,
    0xfb, 0x0, 0x0, 0x0, 0x5, 0xfd, 0x4, 0xff,
    0x10, 0x0, 0x0, 0xa, 0xf9, 0x0, 0xff, 0x50,
    0x0, 0x0, 0xf, 0xf4, 0x0, 0xbf, 0xa0, 0x0,
    0x0, 0x5f, 0xf0, 0x0, 0x6f, 0xf0, 0x0, 0x0,
    0xaf, 0xb0, 0x0, 0x2f, 0xf5, 0x0, 0x0, 0xef,
    0xff, 0xff, 0xff, 0xfa, 0x0, 0x4, 0xff, 0xff,
    0xff, 0xff, 0xfe, 0x0, 0x9, 0xff, 0x22, 0x22,
    0x26, 0xff, 0x40, 0xe, 0xf9, 0x0, 0x0, 0x0,
    0xff, 0x90, 0x3f, 0xf5, 0x0, 0x0, 0x0, 0xbf,
    0xe0, 0x8f, 0xf1, 0x0, 0x0, 0x0, 0x7f, 0xf3,
    0xdf, 0xc0, 0x0, 0x0, 0x0, 0x2f, 0xf8,

    /* U+0042 "B" */
    0xdf, 0xff, 0xff, 0xeb, 0x60, 0x0, 0xdf, 0xff,
    0xff, 0xff, 0xfc, 0x10, 0xdf, 0xb1, 0x12, 0x4b,
    0xff, 0x80, 0xdf, 0xb0, 0x0, 0x0, 0xdf, 0xc0,
    0xdf, 0xb0, 0x0, 0x0, 0xbf, 0xd0, 0xdf, 0xb0,
    0x0, 0x0, 0xef, 0x90, 0xdf, 0xb0, 0x0, 0x3b,
    0xff, 0x20, 0xdf, 0xff, 0xff, 0xff, 0xd3, 0x0,
    0xdf, 0xff, 0xff, 0xff, 0xfc, 0x20, 0xdf, 0xb0,
    0x0, 0x26, 0xef, 0xe1, 0xdf, 0xb0, 0x0, 0x0,
    0x1f, 0xf8, 0xdf, 0xb0, 0x0, 0x0, 0xc, 0xfa,
    0xdf, 0xb0, 0x0, 0x0, 0xd, 0xfa, 0xdf, 0xb0,
    0x0, 0x0, 0x3f, 0xf8, 0xdf, 0xb1, 0x11, 0x38,
    0xff, 0xf1, 0xdf, 0xff, 0xff, 0xff, 0xff, 0x40,
    0xdf, 0xff, 0xff, 0xec, 0x81, 0x0,

    /* U+0043 "C" */
    0x0, 0x0, 0x4a, 0xef, 0xea, 0x30, 0x0, 0x0,
    0xbf, 0xff, 0xff, 0xff, 0x70, 0x0, 0xcf, 0xfe,
    0x85, 0x7d, 0xfd, 0x0, 0x8f, 0xfa, 0x0, 0x0,
    0x8, 0x10, 0xf, 0xfd, 0x0, 0x0, 0x0, 0x0,
    0x5, 0xff, 0x60, 0x0, 0x0, 0x0, 0x0, 0x9f,
    0xf1, 0x0, 0x0, 0x0, 0x0, 0xb, 0xff, 0x0,
    0x0, 0x0, 0x0, 0x0, 0xbf, 0xe0, 0x0, 0x0,
    0x0, 0x0, 0xb, 0xff, 0x0, 0x0, 0x0, 0x0,
    0x0, 0x9f, 0xf1, 0x0, 0x0, 0x0, 0x0, 0x5,
    0xff, 0x50, 0x0, 0x0, 0x0, 0x0, 0x1f, 0xfd,
    0x0, 0x0, 0x0, 0x0, 0x0, 0x9f, 0xfa, 0x0,
    0x0, 0x8, 0xa0, 0x0, 0xdf, 0xfd, 0x86, 0x7d,
    0xff, 0x40, 0x1, 0xcf, 0xff, 0xff, 0xff, 0x80,
    0x0, 0x0, 0x5b, 0xef, 0xea, 0x30, 0x0,

    /* U+0044 "D" */
    0xdf, 0xff, 0xfe, 0xc7, 0x10, 0x0, 0xd, 0xff,
    0xff, 0xff, 0xff, 0x50, 0x0, 0xdf, 0xb3, 0x35,
    0xaf, 0xff, 0x50, 0xd, 0xfb, 0x0, 0x0, 0x3e,
    0xfe, 0x10, 0xdf, 0xb0, 0x0, 0x0, 0x6f, 0xf7,
    0xd, 0xfb, 0x0, 0x0, 0x0, 0xef, 0xc0, 0xdf,
    0xb0, 0x0, 0x0, 0xa, 0xff, 0xd, 0xfb, 0x0,
    0x0, 0x0, 0x9f, 0xf0, 0xdf, 0xb0, 0x0, 0x0,
    0x8, 0xff, 0x1d, 0xfb, 0x0, 0x0, 0x0, 0x9f,
    0xf0, 0xdf, 0xb0, 0x0, 0x0, 0xb, 0xff, 0xd,
    0xfb, 0x0, 0x0, 0x0, 0xff, 0xb0, 0xdf, 0xb0,
    0x0, 0x0, 0x6f, 0xf6, 0xd, 0xfb, 0x0, 0x0,
    0x4f, 0xfe, 0x10, 0xdf, 0xb3, 0x35, 0xaf, 0xff,
    0x50, 0xd, 0xff, 0xff, 0xff, 0xff, 0x40, 0x0,
    0xdf, 0xff, 0xfe, 0xc7, 0x10, 0x0, 0x0,

    /* U+0045 "E" */
    0xdf, 0xff, 0xff, 0xff, 0xfb, 0xdf, 0xff, 0xff,
    0xff, 0xfb, 0xdf, 0xc4, 0x44, 0x44, 0x42, 0xdf,
    0xb0, 0x0, 0x0, 0x0, 0xdf, 0xb0, 0x0, 0x0,
    0x0, 0xdf, 0xb0, 0x0, 0x0, 0x0, 0xdf, 0xb0,
    0x0, 0x0, 0x0, 0xdf, 0xff, 0xff, 0xff, 0xa0,
    0xdf, 0xff, 0xff, 0xff, 0xa0, 0xdf, 0xc4, 0x44,
    0x44, 0x20, 0xdf, 0xb0, 0x0, 0x0, 0x0, 0xdf,
    0xb0, 0x0, 0x0, 0x0, 0xdf, 0xb0, 0x0, 0x0,
    0x0, 0xdf, 0xb0, 0x0, 0x0, 0x0, 0xdf, 0xc4,
    0x44, 0x44, 0x44, 0xdf, 0xff, 0xff, 0xff, 0xff,
    0xdf, 0xff, 0xff, 0xff, 0xff,

    /* U+0046 "F" */
    0xdf, 0xff, 0xff, 0xff, 0xfb, 0xdf, 0xff, 0xff,
    0xff, 0xfb, 0xdf, 0xc4, 0x44, 0x44, 0x42, 0xdf,
    0xb0, 0x0, 0x0, 0x0, 0xdf, 0xb0, 0x0, 0x0,
    0x0, 0xdf, 0xb0, 0x0, 0x0, 0x0, 0xdf, 0xb0,
    0x0, 0x0, 0x0, 0xdf, 0xc3, 0x33, 0x33, 0x20,
    0xdf, 0xff, 0xff, 0xff, 0xb0, 0xdf, 0xff, 0xff,
    0xff, 0xb0, 0xdf, 0xb0, 0x0, 0x0, 0x0, 0xdf,
    0xb0, 0x0, 0x0, 0x0, 0xdf, 0xb0, 0x0, 0x0,
    0x0, 0xdf, 0xb0, 0x0, 0x0, 0x0, 0xdf, 0xb0,
    0x0, 0x0, 0x0, 0xdf, 0xb0, 0x0, 0x0, 0x0,
    0xdf, 0xb0, 0x0, 0x0, 0x0,

    /* U+0047 "G" */
    0x0, 0x0, 0x3a, 0xdf, 0xec, 0x60, 0x0, 0x0,
    0xaf, 0xff, 0xff, 0xff, 0xc1, 0x0, 0xbf, 0xfe,
    0x86, 0x6a, 0xff, 0x40, 0x7f, 0xfb, 0x0, 0x0,
    0x3, 0x60, 0xe, 0xfe, 0x0, 0x0, 0x0, 0x0,
    0x5, 0xff, 0x60, 0x0, 0x0, 0x0, 0x0, 0x9f,
    0xf1, 0x0, 0x0, 0x0, 0x0, 0xb, 0xff, 0x0,
    0x0, 0x23, 0x33, 0x32, 0xbf, 0xe0, 0x0, 0xa,
    0xff, 0xff, 0xda, 0xff, 0x0, 0x0, 0xaf, 0xff,
    0xfd, 0x9f, 0xf1, 0x0, 0x0, 0x0, 0x7f, 0xd5,
    0xff, 0x60, 0x0, 0x0, 0x7, 0xfd, 0xf, 0xfd,
    0x0, 0x0, 0x0, 0x7f, 0xd0, 0x8f, 0xfb, 0x0,
    0x0, 0x7, 0xfd, 0x0, 0xcf, 0xfe, 0x96, 0x6a,
    0xff, 0xd0, 0x0, 0xaf, 0xff, 0xff, 0xff, 0xe4,
    0x0, 0x0, 0x4a, 0xdf, 0xec, 0x71, 0x0,

    /* U+0048 "H" */
    0xdf, 0xb0, 0x0, 0x0, 0x6, 0xff, 0x2d, 0xfb,
    0x0, 0x0, 0x0, 0x6f, 0xf2, 0xdf, 0xb0, 0x0,
    0x0, 0x6, 0xff, 0x2d, 0xfb, 0x0, 0x0, 0x0,
    0x6f, 0xf2, 0xdf, 0xb0, 0x0, 0x0, 0x6, 0xff,
    0x2d, 0xfb, 0x0, 0x0, 0x0, 0x6f, 0xf2, 0xdf,
    0xb0, 0x0, 0x0, 0x6, 0xff, 0x2d, 0xff, 0xff,
    0xff, 0xff, 0xff, 0xf2, 0xdf, 0xff, 0xff, 0xff,
    0xff, 0xff, 0x2d, 0xfc, 0x55, 0x55, 0x55, 0x9f,
    0xf2, 0xdf, 0xb0, 0x0, 0x0, 0x6, 0xff, 0x2d,
    0xfb, 0x0, 0x0, 0x0, 0x6f, 0xf2, 0xdf, 0xb0,
    0x0, 0x0, 0x6, 0xff, 0x2d, 0xfb, 0x0, 0x0,
    0x0, 0x6f, 0xf2, 0xdf, 0xb0, 0x0, 0x0, 0x6,
    0xff, 0x2d, 0xfb, 0x0, 0x0, 0x0, 0x6f, 0xf2,
    0xdf, 0xb0, 0x0, 0x0, 0x6, 0xff, 0x20,

    /* U+0049 "I" */
    0xdf, 0xbd, 0xfb, 0xdf, 0xbd, 0xfb, 0xdf, 0xbd,
    0xfb, 0xdf, 0xbd, 0xfb, 0xdf, 0xbd, 0xfb, 0xdf,
    0xbd, 0xfb, 0xdf, 0xbd, 0xfb, 0xdf, 0xbd, 0xfb,
    0xdf, 0xb0,

    /* U+004A "J" */
    0x0, 0x0, 0x0, 0x8, 0xff, 0x0, 0x0, 0x0,
    0x0, 0x8f, 0xf0, 0x0, 0x0, 0x0, 0x8, 0xff,
    0x0, 0x0, 0x0, 0x0, 0x8f, 0xf0, 0x0, 0x0,
    0x0, 0x8, 0xff, 0x0, 0x0, 0x0, 0x0, 0x8f,
    0xf0, 0x0, 0x0, 0x0, 0x8, 0xff, 0x0, 0x0,
    0x0, 0x0, 0x8f, 0xf0, 0x0, 0x0, 0x0, 0x8,
    0xff, 0x0, 0x0, 0x0, 0x0, 0x8f, 0xf0, 0x0,
    0x0, 0x0, 0x8, 0xff, 0x0, 0x0, 0x0, 0x0,
    0x8f, 0xf0, 0x0, 0x0, 0x0, 0x9, 0xff, 0x0,
    0x7d, 0x10, 0x0, 0xef, 0xc0, 0x2f, 0xfd, 0x76,
    0xcf, 0xf6, 0x0, 0x5f, 0xff, 0xff, 0xfc, 0x0,
    0x0, 0x3a, 0xef, 0xd8, 0x0, 0x0,

    /* U+004B "K" */
    0xdf, 0xb0, 0x0, 0x0, 0x7f, 0xf6, 0xd, 0xfb,
    0x0, 0x0, 0x4f, 0xf9, 0x0, 0xdf, 0xb0, 0x0,
    0x1e, 0xfd, 0x0, 0xd, 0xfb, 0x0, 0xc, 0xff,
    0x20, 0x0, 0xdf, 0xb0, 0x8, 0xff, 0x50, 0x0,
    0xd, 0xfb, 0x4, 0xff, 0x80, 0x0, 0x0, 0xdf,
    0xb2, 0xef, 0xe0, 0x0, 0x0, 0xd, 0xfb, 0xcf,
    0xff, 0x40, 0x0, 0x0, 0xdf, 0xff, 0xff, 0xfc,
    0x0, 0x0, 0xd, 0xff, 0xf8, 0x6f, 0xf6, 0x0,
    0x0, 0xdf, 0xfc, 0x0, 0xdf, 0xe0, 0x0, 0xd,
    0xfe, 0x10, 0x4, 0xff, 0x80, 0x0, 0xdf, 0xb0,
    0x0, 0xb, 0xff, 0x10, 0xd, 0xfb, 0x0, 0x0,
    0x2f, 0xfa, 0x0, 0xdf, 0xb0, 0x0, 0x0, 0xaf,
    0xf3, 0xd, 0xfb, 0x0, 0x0, 0x1, 0xff, 0xb0,
    0xdf, 0xb0, 0x0, 0x0, 0x8, 0xff, 0x50,

    /* U+004C "L" */
    0xdf, 0xb0, 0x0, 0x0, 0x0, 0xdf, 0xb0, 0x0,
    0x0, 0x0, 0xdf, 0xb0, 0x0, 0x0, 0x0, 0xdf,
    0xb0, 0x0, 0x0, 0x0, 0xdf, 0xb0, 0x0, 0x0,
    0x0, 0xdf, 0xb0, 0x0, 0x0, 0x0, 0xdf, 0xb0,
    0x0, 0x0, 0x0, 0xdf, 0xb0, 0x0, 0x0, 0x0,
    0xdf, 0xb0, 0x0, 0x0, 0x0, 0xdf, 0xb0, 0x0,
    0x0, 0x0, 0xdf, 0xb0, 0x0, 0x0, 0x0, 0xdf,
    0xb0, 0x0, 0x0, 0x0, 0xdf, 0xb0, 0x0, 0x0,
    0x0, 0xdf, 0xb0, 0x0, 0x0, 0x0, 0xdf, 0xc4,
    0x44, 0x44, 0x42, 0xdf, 0xff, 0xff, 0xff, 0xf8,
    0xdf, 0xff, 0xff, 0xff, 0xf8,

    /* U+004D "M" */
    0xdf, 0xf3, 0x0, 0x0, 0x0, 0xf, 0xff, 0x2d,
    0xff, 0x90, 0x0, 0x0, 0x5, 0xff, 0xf2, 0xdf,
    0xfe, 0x0, 0x0, 0x0, 0xaf, 0xff, 0x2d, 0xfe,
    0xf4, 0x0, 0x0, 0xf, 0xff, 0xf2, 0xdf, 0xaf,
    0x90, 0x0, 0x5, 0xfa, 0xff, 0x2d, 0xf6, 0xfe,
    0x0, 0x0, 0xaf, 0x6f, 0xf2, 0xdf, 0x5c, 0xf4,
    0x0, 0xf, 0xf2, 0xff, 0x2d, 0xf6, 0x6f, 0xa0,
    0x5, 0xfa, 0x3f, 0xf2, 0xdf, 0x61, 0xff, 0x0,
    0xaf, 0x43, 0xff, 0x2d, 0xf7, 0xb, 0xf5, 0xf,
    0xe0, 0x3f, 0xf2, 0xdf, 0x70, 0x6f, 0xa4, 0xf9,
    0x3, 0xff, 0x2d, 0xf7, 0x1, 0xfe, 0xaf, 0x30,
    0x3f, 0xf2, 0xdf, 0x70, 0xa, 0xff, 0xe0, 0x3,
    0xff, 0x2d, 0xf7, 0x0, 0x5f, 0xf8, 0x0, 0x3f,
    0xf2, 0xdf, 0x70, 0x0, 0xff, 0x30, 0x3, 0xff,
    0x2d, 0xf7, 0x0, 0x4, 0x50, 0x0, 0x3f, 0xf2,
    0xdf, 0x70, 0x0, 0x0, 0x0, 0x3, 0xff, 0x20,

    /* U+004E "N" */
    0xdf, 0xf1, 0x0, 0x0, 0x6, 0xff, 0xd, 0xff,
    0x80, 0x0, 0x0, 0x6f, 0xf0, 0xdf, 0xff, 0x10,
    0x0, 0x6, 0xff, 0xd, 0xfe, 0xfa, 0x0, 0x0,
    0x6f, 0xf0, 0xdf, 0x7f, 0xf2, 0x0, 0x6, 0xff,
    0xd, 0xf6, 0xbf, 0xb0, 0x0, 0x6f, 0xf0, 0xdf,
    0x73, 0xff, 0x30, 0x6, 0xff, 0xd, 0xf7, 0xb,
    0xfc, 0x0, 0x6f, 0xf0, 0xdf, 0x80, 0x2f, 0xf5,
    0x6, 0xff, 0xd, 0xf8, 0x0, 0xaf, 0xd0, 0x5f,
    0xf0, 0xdf, 0x80, 0x1, 0xff, 0x55, 0xff, 0xd,
    0xf8, 0x0, 0x8, 0xfd, 0x4f, 0xf0, 0xdf, 0x80,
    0x0, 0x1f, 0xf7, 0xff, 0xd, 0xf8, 0x0, 0x0,
    0x7f, 0xef, 0xf0, 0xdf, 0x80, 0x0, 0x0, 0xef,
    0xff, 0xd, 0xf8, 0x0, 0x0, 0x6, 0xff, 0xf0,
    0xdf, 0x80, 0x0, 0x0, 0xd, 0xff, 0x0,

    /* U+004F "O" */
    0x0, 0x0, 0x6c, 0xff, 0xea, 0x30, 0x0, 0x0,
    0x1, 0xdf, 0xff, 0xff, 0xff, 0x80, 0x0, 0x1,
    0xef, 0xfc, 0x75, 0x8e, 0xff, 0x80, 0x0, 0x9f,
    0xf8, 0x0, 0x0, 0x1d, 0xff, 0x30, 0x1f, 0xfc,
    0x0, 0x0, 0x0, 0x3f, 0xfa, 0x6, 0xff, 0x50,
    0x0, 0x0, 0x0, 0xbf, 0xf0, 0x9f, 0xf1, 0x0,
    0x0, 0x0, 0x7, 0xff, 0x2a, 0xff, 0x0, 0x0,
    0x0, 0x0, 0x5f, 0xf4, 0xbf, 0xe0, 0x0, 0x0,
    0x0, 0x4, 0xff, 0x5a, 0xff, 0x0, 0x0, 0x0,
    0x0, 0x5f, 0xf4, 0x9f, 0xf1, 0x0, 0x0, 0x0,
    0x7, 0xff, 0x25, 0xff, 0x50, 0x0, 0x0, 0x0,
    0xcf, 0xe0, 0xf, 0xfd, 0x0, 0x0, 0x0, 0x3f,
    0xf9, 0x0, 0x8f, 0xf9, 0x0, 0x0, 0x2e, 0xff,
    0x20, 0x0, 0xdf, 0xfd, 0x76, 0x9f, 0xff, 0x70,
    0x0, 0x1, 0xcf, 0xff, 0xff, 0xff, 0x70, 0x0,
    0x0, 0x0, 0x6c, 0xff, 0xea, 0x30, 0x0, 0x0,

    /* U+0050 "P" */
    0xdf, 0xff, 0xff, 0xeb, 0x60, 0x0, 0xdf, 0xff,
    0xff, 0xff, 0xfc, 0x10, 0xdf, 0xb2, 0x23, 0x5b,
    0xff, 0xa0, 0xdf, 0xb0, 0x0, 0x0, 0xaf, 0xf1,
    0xdf, 0xb0, 0x0, 0x0, 0x5f, 0xf3, 0xdf, 0xb0,
    0x0, 0x0, 0x6f, 0xf2, 0xdf, 0xb0, 0x0, 0x0,
    0xaf, 0xf0, 0xdf, 0xb0, 0x1, 0x3a, 0xff, 0xa0,
    0xdf, 0xff, 0xff, 0xff, 0xfc, 0x10, 0xdf, 0xff,
    0xff, 0xfd, 0x70, 0x0, 0xdf, 0xb2, 0x22, 0x0,
    0x0, 0x0, 0xdf, 0xb0, 0x0, 0x0, 0x0, 0x0,
    0xdf, 0xb0, 0x0, 0x0, 0x0, 0x0, 0xdf, 0xb0,
    0x0, 0x0, 0x0, 0x0, 0xdf, 0xb0, 0x0, 0x0,
    0x0, 0x0, 0xdf, 0xb0, 0x0, 0x0, 0x0, 0x0,
    0xdf, 0xb0, 0x0, 0x0, 0x0, 0x0,

    /* U+0051 "Q" */
    0x0, 0x0, 0x6c, 0xff, 0xea, 0x30, 0x0, 0x0,
    0x1, 0xdf, 0xff, 0xff, 0xff, 0x80, 0x0, 0x1,
    0xef, 0xfc, 0x75, 0x8e, 0xff, 0x80, 0x0, 0x9f,
    0xf8, 0x0, 0x0, 0x1d, 0xff, 0x30, 0x1f, 0xfc,
    0x0, 0x0, 0x0, 0x3f, 0xfa, 0x6, 0xff, 0x50,
    0x0, 0x0, 0x0, 0xbf, 0xf0, 0x9f, 0xf1, 0x0,
    0x0, 0x0, 0x7, 0xff, 0x2a, 0xff, 0x0, 0x0,
    0x0, 0x0, 0x5f, 0xf4, 0xbf, 0xe0, 0x0, 0x0,
    0x0, 0x4, 0xff, 0x5a, 0xff, 0x0, 0x0, 0x0,
    0x0, 0x5f, 0xf4, 0x9f, 0xf1, 0x0, 0x0, 0x0,
    0x7, 0xff, 0x25, 0xff, 0x50, 0x0, 0x0, 0x0,
    0xbf, 0xe0, 0xf, 0xfc, 0x0, 0x0, 0x0, 0x2f,
    0xf9, 0x0, 0x8f, 0xf7, 0x0, 0x0, 0xc, 0xff,
    0x20, 0x0, 0xdf, 0xfb, 0x54, 0x7e, 0xff, 0x70,
    0x0, 0x1, 0xcf, 0xff, 0xff, 0xff, 0x70, 0x0,
    0x0, 0x0, 0x6c, 0xff, 0xfa, 0x30, 0x0, 0x0,
    0x0, 0x0, 0x9, 0xff, 0x50, 0x0, 0x0, 0x0,
    0x0, 0x0, 0xd, 0xff, 0xa5, 0x34, 0x30, 0x0,
    0x0, 0x0, 0x1d, 0xff, 0xff, 0xfa, 0x0, 0x0,
    0x0, 0x0, 0x6, 0xbe, 0xfe, 0x90,

    /* U+0052 "R" */
    0xdf, 0xff, 0xff, 0xec, 0x70, 0x0, 0xdf, 0xff,
    0xff, 0xff, 0xfe, 0x20, 0xdf, 0xb2, 0x23, 0x4a,
    0xff, 0xb0, 0xdf, 0xb0, 0x0, 0x0, 0x9f, 0xf1,
    0xdf, 0xb0, 0x0, 0x0, 0x4f, 0xf3, 0xdf, 0xb0,
    0x0, 0x0, 0x5f, 0xf3, 0xdf, 0xb0, 0x0, 0x0,
    0xaf, 0xf1, 0xdf, 0xb0, 0x0, 0x39, 0xff, 0xa0,
    0xdf, 0xff, 0xff, 0xff, 0xfd, 0x10, 0xdf, 0xff,
    0xff, 0xff, 0x80, 0x0, 0xdf, 0xb2, 0x29, 0xff,
    0x40, 0x0, 0xdf, 0xb0, 0x0, 0xef, 0xd0, 0x0,
    0xdf, 0xb0, 0x0, 0x6f, 0xf6, 0x0, 0xdf, 0xb0,
    0x0, 0xd, 0xfe, 0x0, 0xdf, 0xb0, 0x0, 0x5,
    0xff, 0x70, 0xdf, 0xb0, 0x0, 0x0, 0xcf, 0xf1,
    0xdf, 0xb0, 0x0, 0x0, 0x4f, 0xf9,

    /* U+0053 "S" */
    0x0, 0x0, 0x7c, 0xff, 0xc7, 0x10, 0x0, 0x1,
    0xdf, 0xff, 0xff, 0xfe, 0x40, 0x0, 0xbf, 0xfa,
    0x65, 0x9e, 0xf9, 0x0, 0x2f, 0xf9, 0x0, 0x0,
    0x18, 0x0, 0x4, 0xff, 0x50, 0x0, 0x0, 0x0,
    0x0, 0x2f, 0xfb, 0x0, 0x0, 0x0, 0x0, 0x0,
    0xcf, 0xfc, 0x40, 0x0, 0x0, 0x0, 0x1, 0xdf,
    0xff, 0xd7, 0x0, 0x0, 0x0, 0x0, 0x7e, 0xff,
    0xfe, 0x60, 0x0, 0x0, 0x0, 0x6, 0xdf, 0xff,
    0x80, 0x0, 0x0, 0x0, 0x0, 0x5f, 0xff, 0x20,
    0x0, 0x0, 0x0, 0x0, 0x5f, 0xf6, 0x0, 0x10,
    0x0, 0x0, 0x3, 0xff, 0x60, 0x3f, 0x70, 0x0,
    0x0, 0x9f, 0xf3, 0xc, 0xff, 0xe8, 0x67, 0xbf,
    0xfc, 0x0, 0x1b, 0xff, 0xff, 0xff, 0xfd, 0x10,
    0x0, 0x4, 0xad, 0xfe, 0xc7, 0x0, 0x0,

    /* U+0054 "T" */
    0x5f, 0xff, 0xff, 0xff, 0xff, 0xff, 0xc5, 0xff,
    0xff, 0xff, 0xff, 0xff, 0xfc, 0x14, 0x44, 0x4b,
    0xff, 0x44, 0x44, 0x30, 0x0, 0x0, 0x9f, 0xf0,
    0x0, 0x0, 0x0, 0x0, 0x9, 0xff, 0x0, 0x0,
    0x0, 0x0, 0x0, 0x9f, 0xf0, 0x0, 0x0, 0x0,
    0x0, 0x9, 0xff, 0x0, 0x0, 0x0, 0x0, 0x0,
    0x9f, 0xf0, 0x0, 0x0, 0x0, 0x0, 0x9, 0xff,
    0x0, 0x0, 0x0, 0x0, 0x0, 0x9f, 0xf0, 0x0,
    0x0, 0x0, 0x0, 0x9, 0xff, 0x0, 0x0, 0x0,
    0x0, 0x0, 0x9f, 0xf0, 0x0, 0x0, 0x0, 0x0,
    0x9, 0xff, 0x0, 0x0, 0x0, 0x0, 0x0, 0x9f,
    0xf0, 0x0, 0x0, 0x0, 0x0, 0x9, 0xff, 0x0,
    0x0, 0x0, 0x0, 0x0, 0x9f, 0xf0, 0x0, 0x0,
    0x0, 0x0, 0x9, 0xff, 0x0, 0x0, 0x0,

    /* U+0055 "U" */
    0xff, 0x90, 0x0, 0x0, 0x6, 0xff, 0x1f, 0xf9,
    0x0, 0x0, 0x0, 0x6f, 0xf1, 0xff, 0x90, 0x0,
    0x0, 0x6, 0xff, 0x1f, 0xf9, 0x0, 0x0, 0x0,
    0x6f, 0xf1, 0xff, 0x90, 0x0, 0x0, 0x6, 0xff,
    0x1f, 0xf9, 0x0, 0x0, 0x0, 0x6f, 0xf1, 0xff,
    0x90, 0x0, 0x0, 0x6, 0xff, 0x1f, 0xf9, 0x0,
    0x0, 0x0, 0x6f, 0xf1, 0xff, 0x90, 0x0, 0x0,
    0x6, 0xff, 0x1f, 0xf9, 0x0, 0x0, 0x0, 0x6f,
    0xf1, 0xef, 0xa0, 0x0, 0x0, 0x7, 0xff, 0xd,
    0xfc, 0x0, 0x0, 0x0, 0x9f, 0xe0, 0x9f, 0xf0,
    0x0, 0x0, 0xd, 0xfb, 0x4, 0xff, 0x90, 0x0,
    0x6, 0xff, 0x60, 0xc, 0xff, 0xb6, 0x6a, 0xff,
    0xe0, 0x0, 0x2e, 0xff, 0xff, 0xff, 0xf3, 0x0,
    0x0, 0x18, 0xdf, 0xfd, 0x91, 0x0, 0x0,

    /* U+0056 "V" */
    0xe, 0xfc, 0x0, 0x0, 0x0, 0x9, 0xff, 0x0,
    0x9f, 0xf1, 0x0, 0x0, 0x0, 0xef, 0xb0, 0x4,
    0xff, 0x50, 0x0, 0x0, 0x2f, 0xf6, 0x0, 0xf,
    0xf9, 0x0, 0x0, 0x6, 0xff, 0x10, 0x0, 0xbf,
    0xe0, 0x0, 0x0, 0xbf, 0xc0, 0x0, 0x6, 0xff,
    0x20, 0x0, 0xf, 0xf7, 0x0, 0x0, 0x1f, 0xf6,
    0x0, 0x3, 0xff, 0x30, 0x0, 0x0, 0xcf, 0xb0,
    0x0, 0x8f, 0xe0, 0x0, 0x0, 0x8, 0xff, 0x0,
    0xc, 0xf9, 0x0, 0x0, 0x0, 0x3f, 0xf3, 0x0,
    0xff, 0x40, 0x0, 0x0, 0x0, 0xef, 0x80, 0x5f,
    0xf0, 0x0, 0x0, 0x0, 0x9, 0xfc, 0x9, 0xfb,
    0x0, 0x0, 0x0, 0x0, 0x5f, 0xf0, 0xdf, 0x60,
    0x0, 0x0, 0x0, 0x0, 0xff, 0x6f, 0xf1, 0x0,
    0x0, 0x0, 0x0, 0xb, 0xfe, 0xfc, 0x0, 0x0,
    0x0, 0x0, 0x0, 0x6f, 0xff, 0x70, 0x0, 0x0,
    0x0, 0x0, 0x1, 0xff, 0xf3, 0x0, 0x0, 0x0,

    /* U+0057 "W" */
    0x6f, 0xf3, 0x0, 0x0, 0x5f, 0xf2, 0x0, 0x0,
    0x6f, 0xf0, 0x3f, 0xf6, 0x0, 0x0, 0x9f, 0xf6,
    0x0, 0x0, 0x8f, 0xd0, 0xf, 0xf8, 0x0, 0x0,
    0xcf, 0xfa, 0x0, 0x0, 0xbf, 0xa0, 0xd, 0xfb,
    0x0, 0x0, 0xff, 0xfd, 0x0, 0x0, 0xef, 0x70,
    0xa, 0xfe, 0x0, 0x4, 0xfa, 0xff, 0x10, 0x1,
    0xff, 0x40, 0x7, 0xff, 0x10, 0x8, 0xf6, 0xcf,
    0x50, 0x4, 0xff, 0x10, 0x3, 0xff, 0x30, 0xb,
    0xf3, 0x9f, 0x90, 0x6, 0xfe, 0x0, 0x0, 0xff,
    0x60, 0xf, 0xf0, 0x6f, 0xd0, 0x9, 0xfb, 0x0,
    0x0, 0xdf, 0x90, 0x3f, 0xc0, 0x2f, 0xf1, 0xc,
    0xf8, 0x0, 0x0, 0xaf, 0xb0, 0x6f, 0x90, 0xe,
    0xf4, 0xf, 0xf5, 0x0, 0x0, 0x7f, 0xe0, 0xaf,
    0x50, 0xb, 0xf7, 0x1f, 0xf2, 0x0, 0x0, 0x4f,
    0xf1, 0xdf, 0x20, 0x7, 0xfa, 0x3f, 0xf0, 0x0,
    0x0, 0x1f, 0xf4, 0xfe, 0x0, 0x3, 0xfe, 0x6f,
    0xc0, 0x0, 0x0, 0xe, 0xf9, 0xfa, 0x0, 0x0,
    0xff, 0x9f, 0x90, 0x0, 0x0, 0xb, 0xff, 0xf7,
    0x0, 0x0, 0xcf, 0xff, 0x60, 0x0, 0x0, 0x8,
    0xff, 0xf3, 0x0, 0x0, 0x8f, 0xff, 0x30, 0x0,
    0x0, 0x5, 0xff, 0xf0, 0x0, 0x0, 0x5f, 0xff,
    0x0, 0x0,

    /* U+0058 "X" */
    0x1f, 0xfb, 0x0, 0x0, 0x7, 0xff, 0x30, 0x9f,
    0xf3, 0x0, 0x0, 0xef, 0xb0, 0x1, 0xff, 0xb0,
    0x0, 0x6f, 0xf2, 0x0, 0x8, 0xff, 0x30, 0xd,
    0xfa, 0x0, 0x0, 0xe, 0xfa, 0x5, 0xff, 0x20,
    0x0, 0x0, 0x7f, 0xf2, 0xcf, 0x90, 0x0, 0x0,
    0x0, 0xef, 0xcf, 0xf1, 0x0, 0x0, 0x0, 0x6,
    0xff, 0xf9, 0x0, 0x0, 0x0, 0x0, 0x2f, 0xff,
    0x40, 0x0, 0x0, 0x0, 0xa, 0xff, 0xfc, 0x0,
    0x0, 0x0, 0x3, 0xff, 0x7f, 0xf4, 0x0, 0x0,
    0x0, 0xbf, 0xb0, 0xcf, 0xd0, 0x0, 0x0, 0x4f,
    0xf4, 0x5, 0xff, 0x50, 0x0, 0xc, 0xfc, 0x0,
    0xd, 0xfe, 0x0, 0x5, 0xff, 0x40, 0x0, 0x5f,
    0xf7, 0x0, 0xdf, 0xc0, 0x0, 0x0, 0xdf, 0xe0,
    0x6f, 0xf4, 0x0, 0x0, 0x5, 0xff, 0x80,

    /* U+0059 "Y" */
    0xd, 0xfd, 0x0, 0x0, 0x0, 0xaf, 0xf0, 0x6,
    0xff, 0x40, 0x0, 0x1, 0xff, 0x80, 0x0, 0xef,
    0xb0, 0x0, 0x7, 0xff, 0x10, 0x0, 0x7f, 0xf1,
    0x0, 0xe, 0xf9, 0x0, 0x0, 0xf, 0xf8, 0x0,
    0x5f, 0xf2, 0x0, 0x0, 0x8, 0xfe, 0x0, 0xbf,
    0xb0, 0x0, 0x0, 0x1, 0xff, 0x52, 0xff, 0x30,
    0x0, 0x0, 0x0, 0xaf, 0xb8, 0xfc, 0x0, 0x0,
    0x0, 0x0, 0x2f, 0xff, 0xf4, 0x0, 0x0, 0x0,
    0x0, 0xb, 0xff, 0xd0, 0x0, 0x0, 0x0, 0x0,
    0x4, 0xff, 0x60, 0x0, 0x0, 0x0, 0x0, 0x3,
    0xff, 0x50, 0x0, 0x0, 0x0, 0x0, 0x3, 0xff,
    0x50, 0x0, 0x0, 0x0, 0x0, 0x3, 0xff, 0x50,
    0x0, 0x0, 0x0, 0x0, 0x3, 0xff, 0x50, 0x0,
    0x0, 0x0, 0x0, 0x3, 0xff, 0x50, 0x0, 0x0,
    0x0, 0x0, 0x3, 0xff, 0x50, 0x0, 0x0,

    /* U+005A "Z" */
    0x3f, 0xff, 0xff, 0xff, 0xff, 0xf4, 0x3f, 0xff,
    0xff, 0xff, 0xff, 0xf3, 0x4, 0x44, 0x44, 0x45,
    0xff, 0xb0, 0x0, 0x0, 0x0, 0xa, 0xff, 0x20,
    0x0, 0x0, 0x0, 0x4f, 0xf8, 0x0, 0x0, 0x0,
    0x0, 0xdf, 0xd0, 0x0, 0x0, 0x0, 0x7, 0xff,
    0x40, 0x0, 0x0, 0x0, 0x2f, 0xfa, 0x0, 0x0,
    0x0, 0x0, 0xbf, 0xf1, 0x0, 0x0, 0x0, 0x5,
    0xff, 0x60, 0x0, 0x0, 0x0, 0xe, 0xfc, 0x0,
    0x0, 0x0, 0x0, 0x9f, 0xf3, 0x0, 0x0, 0x0,
    0x3, 0xff, 0x90, 0x0, 0x0, 0x0, 0xc, 0xfe,
    0x0, 0x0, 0x0, 0x0, 0x6f, 0xf9, 0x44, 0x44,
    0x44, 0x41, 0xef, 0xff, 0xff, 0xff, 0xff, 0xf6,
    0xff, 0xff, 0xff, 0xff, 0xff, 0xf6,

    /* U+005B "[" */
    0xbf, 0xff, 0xfb, 0xf9, 0x77, 0xbf, 0x30, 0xb,
    0xf3, 0x0, 0xbf, 0x30, 0xb, 0xf3, 0x0, 0xbf,
    0x30, 0xb, 0xf3, 0x0, 0xbf, 0x30, 0xb, 0xf3,
    0x0, 0xbf, 0x30, 0xb, 0xf3, 0x0, 0xbf, 0x30,
    0xb, 0xf3, 0x0, 0xbf, 0x30, 0xb, 0xf3, 0x0,
    0xbf, 0x30, 0xb, 0xf3, 0x0, 0xbf, 0x30, 0xb,
    0xf3, 0x0, 0xbf, 0x42, 0x2b, 0xff, 0xff, 0x35,
    0x55, 0x50,

    /* U+005C "\\" */
    0x6f, 0x50, 0x0, 0x0, 0x2, 0xf9, 0x0, 0x0,
    0x0, 0xd, 0xe0, 0x0, 0x0, 0x0, 0x9f, 0x20,
    0x0, 0x0, 0x5, 0xf6, 0x0, 0x0, 0x0, 0xf,
    0xb0, 0x0, 0x0, 0x0, 0xcf, 0x0, 0x0, 0x0,
    0x8, 0xf3, 0x0, 0x0, 0x0, 0x3f, 0x80, 0x0,
    0x0, 0x0, 0xfc, 0x0, 0x0, 0x0, 0xb, 0xf0,
    0x0, 0x0, 0x0, 0x6f, 0x50, 0x0, 0x0, 0x2,
    0xf9, 0x0, 0x0, 0x0, 0xe, 0xd0, 0x0, 0x0,
    0x0, 0x9f, 0x20, 0x0, 0x0, 0x5, 0xf6, 0x0,
    0x0, 0x0, 0x1f, 0xa0, 0x0, 0x0, 0x0, 0xce,
    0x0, 0x0, 0x0, 0x8, 0xf3, 0x0, 0x0, 0x0,
    0x4f, 0x70, 0x0, 0x0, 0x0, 0xfc, 0x0, 0x0,
    0x0, 0xb, 0xf0, 0x0, 0x0, 0x0, 0x48, 0x10,

    /* U+005D "]" */
    0x2f, 0xff, 0xf8, 0x7, 0x7a, 0xf8, 0x0, 0x6,
    0xf8, 0x0, 0x6, 0xf8, 0x0, 0x6, 0xf8, 0x0,
    0x6, 0xf8, 0x0, 0x6, 0xf8, 0x0, 0x6, 0xf8,
    0x0, 0x6, 0xf8, 0x0, 0x6, 0xf8, 0x0, 0x6,
    0xf8, 0x0, 0x6, 0xf8, 0x0, 0x6, 0xf8, 0x0,
    0x6, 0xf8, 0x0, 0x6, 0xf8, 0x0, 0x6, 0xf8,
    0x0, 0x6, 0xf8, 0x0, 0x6, 0xf8, 0x0, 0x6,
    0xf8, 0x0, 0x6, 0xf8, 0x2, 0x27, 0xf8, 0x2f,
    0xff, 0xf8, 0x5, 0x55, 0x52,

    /* U+005E "^" */
    0x0, 0x0, 0xff, 0x80, 0x0, 0x0, 0x0, 0x6f,
    0xfe, 0x0, 0x0, 0x0, 0xc, 0xfd, 0xf4, 0x0,
    0x0, 0x2, 0xfd, 0x4f, 0xa0, 0x0, 0x0, 0x8f,
    0x80, 0xff, 0x10, 0x0, 0xe, 0xf2, 0xa, 0xf6,
    0x0, 0x4, 0xfc, 0x0, 0x4f, 0xc0, 0x0, 0xaf,
    0x70, 0x0, 0xef, 0x20, 0xf, 0xf1, 0x0, 0x9,
    0xf8, 0x6, 0xfb, 0x0, 0x0, 0x3f, 0xe0,

    /* U+005F "_" */
    0x7a, 0xaa, 0xaa, 0xaa, 0xaa, 0xaa, 0xb, 0xff,
    0xff, 0xff, 0xff, 0xff, 0xf1,

    /* U+0060 "`" */
    0x0, 0x50, 0x0, 0x0, 0x8f, 0x70, 0x0, 0xb,
    0xff, 0x40, 0x0, 0xb, 0xff, 0x20, 0x0, 0xb,
    0xfd, 0x0, 0x0, 0xb, 0x90, 0x0, 0x0, 0x0,
    0x0,

    /* U+0061 "a" */
    0x0, 0x4a, 0xdf, 0xe9, 0x10, 0x1c, 0xff, 0xff,
    0xff, 0xd0, 0xd, 0xe8, 0x33, 0x9f, 0xf7, 0x2,
    0x0, 0x0, 0xd, 0xfc, 0x0, 0x0, 0x0, 0xa,
    0xfe, 0x0, 0x5, 0xae, 0xff, 0xff, 0x5, 0xef,
    0xfc, 0x9c, 0xff, 0x3f, 0xfa, 0x10, 0x8, 0xff,
    0xaf, 0xd0, 0x0, 0x8, 0xff, 0xcf, 0xb0, 0x0,
    0xb, 0xff, 0x9f, 0xf6, 0x24, 0xcf, 0xff, 0x2f,
    0xff, 0xff, 0xf9, 0xff, 0x3, 0xcf, 0xea, 0x12,
    0xff,

    /* U+0062 "b" */
    0x1f, 0xf7, 0x0, 0x0, 0x0, 0x0, 0x1f, 0xf7,
    0x0, 0x0, 0x0, 0x0, 0x1f, 0xf7, 0x0, 0x0,
    0x0, 0x0, 0x1f, 0xf7, 0x0, 0x0, 0x0, 0x0,
    0x1f, 0xf6, 0x0, 0x0, 0x0, 0x0, 0x1f, 0xf6,
    0x3b, 0xfe, 0xb3, 0x0, 0x1f, 0xfc, 0xff, 0xff,
    0xff, 0x40, 0x1f, 0xff, 0xd5, 0x48, 0xff, 0xe0,
    0x1f, 0xfb, 0x0, 0x0, 0x7f, 0xf5, 0x1f, 0xf7,
    0x0, 0x0, 0x1f, 0xf9, 0x1f, 0xf7, 0x0, 0x0,
    0xe, 0xfb, 0x1f, 0xf7, 0x0, 0x0, 0xe, 0xfb,
    0x1f, 0xf7, 0x0, 0x0, 0xf, 0xfa, 0x1f, 0xf7,
    0x0, 0x0, 0x3f, 0xf7, 0x1f, 0xf8, 0x0, 0x0,
    0xbf, 0xf2, 0x1f, 0xff, 0xa5, 0x4b, 0xff, 0xa0,
    0x1f, 0xfc, 0xff, 0xff, 0xfc, 0x10, 0x1f, 0xf0,
    0x6d, 0xfd, 0x80, 0x0,

    /* U+0063 "c" */
    0x0, 0x6, 0xce, 0xfc, 0x40, 0x1, 0xcf, 0xff,
    0xff, 0xf5, 0xb, 0xff, 0xb4, 0x39, 0xc0, 0x4f,
    0xf9, 0x0, 0x0, 0x0, 0xaf, 0xf1, 0x0, 0x0,
    0x0, 0xdf, 0xc0, 0x0, 0x0, 0x0, 0xef, 0xb0,
    0x0, 0x0, 0x0, 0xdf, 0xc0, 0x0, 0x0, 0x0,
    0xbf, 0xf1, 0x0, 0x0, 0x0, 0x5f, 0xf9, 0x0,
    0x0, 0x10, 0xc, 0xff, 0xa4, 0x49, 0xf3, 0x2,
    0xdf, 0xff, 0xff, 0xf8, 0x0, 0x7, 0xdf, 0xeb,
    0x40,

    /* U+0064 "d" */
    0x0, 0x0, 0x0, 0x0, 0x9f, 0xf0, 0x0, 0x0,
    0x0, 0x9, 0xff, 0x0, 0x0, 0x0, 0x0, 0x9f,
    0xf0, 0x0, 0x0, 0x0, 0x9, 0xff, 0x0, 0x0,
    0x0, 0x0, 0x8f, 0xf0, 0x1, 0x9e, 0xfc, 0x58,
    0xff, 0x2, 0xef, 0xff, 0xff, 0xef, 0xf0, 0xcf,
    0xf9, 0x45, 0xaf, 0xff, 0x5f, 0xf8, 0x0, 0x0,
    0xaf, 0xfa, 0xff, 0x10, 0x0, 0x9, 0xff, 0xcf,
    0xc0, 0x0, 0x0, 0x9f, 0xfe, 0xfb, 0x0, 0x0,
    0x9, 0xff, 0xdf, 0xc0, 0x0, 0x0, 0x9f, 0xfb,
    0xff, 0x0, 0x0, 0x9, 0xff, 0x7f, 0xf7, 0x0,
    0x0, 0xcf, 0xf1, 0xef, 0xf8, 0x46, 0xdf, 0xff,
    0x5, 0xff, 0xff, 0xff, 0xaf, 0xf0, 0x3, 0xbe,
    0xfb, 0x32, 0xff,

    /* U+0065 "e" */
    0x0, 0x7, 0xdf, 0xe9, 0x20, 0x0, 0x1d, 0xff,
    0xff, 0xfe, 0x30, 0xc, 0xfe, 0x52, 0x4c, 0xfc,
    0x5, 0xff, 0x20, 0x0, 0x1f, 0xf3, 0xaf, 0xa0,
    0x0, 0x0, 0xcf, 0x6d, 0xfe, 0xdd, 0xdd, 0xdf,
    0xf8, 0xef, 0xff, 0xff, 0xff, 0xff, 0x7d, 0xfa,
    0x0, 0x0, 0x0, 0x0, 0xaf, 0xe0, 0x0, 0x0,
    0x0, 0x5, 0xff, 0x70, 0x0, 0x0, 0x0, 0xc,
    0xff, 0x93, 0x25, 0xb7, 0x0, 0x1d, 0xff, 0xff,
    0xff, 0xc0, 0x0, 0x7, 0xcf, 0xfc, 0x60, 0x0,

    /* U+0066 "f" */
    0x0, 0x2, 0xae, 0xfc, 0x20, 0x0, 0xef, 0xff,
    0xf0, 0x0, 0x6f, 0xf8, 0x23, 0x0, 0x9, 0xff,
    0x0, 0x0, 0x0, 0xaf, 0xd0, 0x0, 0x4, 0xef,
    0xff, 0xff, 0x40, 0x5f, 0xff, 0xff, 0xf4, 0x0,
    0x2d, 0xff, 0x22, 0x0, 0x0, 0xaf, 0xd0, 0x0,
    0x0, 0xa, 0xfd, 0x0, 0x0, 0x0, 0xaf, 0xd0,
    0x0, 0x0, 0xa, 0xfd, 0x0, 0x0, 0x0, 0xaf,
    0xd0, 0x0, 0x0, 0xa, 0xfd, 0x0, 0x0, 0x0,
    0xaf, 0xd0, 0x0, 0x0, 0xa, 0xfd, 0x0, 0x0,
    0x0, 0xaf, 0xd0, 0x0, 0x0, 0xa, 0xfd, 0x0,
    0x0,

    /* U+0067 "g" */
    0x0, 0x5b, 0xef, 0xff, 0xff, 0xf3, 0x9, 0xff,
    0xfe, 0xff, 0xff, 0xf3, 0x3f, 0xf9, 0x0, 0x5f,
    0xf3, 0x0, 0x7f, 0xe0, 0x0, 0xa, 0xf9, 0x0,
    0x7f, 0xe0, 0x0, 0xa, 0xf9, 0x0, 0x2f, 0xf7,
    0x0, 0x3f, 0xf6, 0x0, 0x6, 0xff, 0xdc, 0xff,
    0xc0, 0x0, 0x5, 0xfc, 0xef, 0xd7, 0x0, 0x0,
    0x1f, 0xe0, 0x0, 0x0, 0x0, 0x0, 0x4f, 0xd0,
    0x0, 0x0, 0x0, 0x0, 0x3f, 0xf6, 0x22, 0x21,
    0x0, 0x0, 0xb, 0xff, 0xff, 0xff, 0xfc, 0x40,
    0x8, 0xfe, 0xff, 0xff, 0xff, 0xf1, 0x7f, 0x90,
    0x0, 0x1, 0x7f, 0xf5, 0xef, 0x40, 0x0, 0x0,
    0x2f, 0xf4, 0xdf, 0xb1, 0x0, 0x2, 0xcf, 0xd0,
    0x5f, 0xff, 0xdc, 0xdf, 0xfd, 0x20, 0x3, 0xad,
    0xff, 0xeb, 0x60, 0x0,

    /* U+0068 "h" */
    0x1f, 0xf7, 0x0, 0x0, 0x0, 0x1, 0xff, 0x70,
    0x0, 0x0, 0x0, 0x1f, 0xf7, 0x0, 0x0, 0x0,
    0x1, 0xff, 0x70, 0x0, 0x0, 0x0, 0x1f, 0xf6,
    0x0, 0x0, 0x0, 0x1, 0xff, 0x61, 0x9e, 0xfc,
    0x40, 0x1f, 0xf8, 0xdf, 0xff, 0xff, 0x21, 0xff,
    0xfe, 0x75, 0xaf, 0xf9, 0x1f, 0xfd, 0x10, 0x0,
    0xdf, 0xd1, 0xff, 0x70, 0x0, 0xa, 0xff, 0x1f,
    0xf7, 0x0, 0x0, 0x9f, 0xf1, 0xff, 0x70, 0x0,
    0x9, 0xff, 0x1f, 0xf7, 0x0, 0x0, 0x9f, 0xf1,
    0xff, 0x70, 0x0, 0x9, 0xff, 0x1f, 0xf7, 0x0,
    0x0, 0x9f, 0xf1, 0xff, 0x70, 0x0, 0x9, 0xff,
    0x1f, 0xf7, 0x0, 0x0, 0x9f, 0xf1, 0xff, 0x70,
    0x0, 0x9, 0xff,

    /* U+0069 "i" */
    0x1d, 0xe4, 0x5f, 0xfb, 0x2f, 0xf6, 0x0, 0x10,
    0x0, 0x0, 0x1f, 0xf7, 0x1f, 0xf7, 0x1f, 0xf7,
    0x1f, 0xf7, 0x1f, 0xf7, 0x1f, 0xf7, 0x1f, 0xf7,
    0x1f, 0xf7, 0x1f, 0xf7, 0x1f, 0xf7, 0x1f, 0xf7,
    0x1f, 0xf7, 0x1f, 0xf7,

    /* U+006A "j" */
    0x0, 0x1, 0xce, 0x40, 0x0, 0x5f, 0xfb, 0x0,
    0x2, 0xff, 0x60, 0x0, 0x0, 0x10, 0x0, 0x0,
    0x0, 0x0, 0x0, 0x1f, 0xf7, 0x0, 0x1, 0xff,
    0x70, 0x0, 0x1f, 0xf7, 0x0, 0x1, 0xff, 0x70,
    0x0, 0x1f, 0xf7, 0x0, 0x1, 0xff, 0x70, 0x0,
    0x1f, 0xf7, 0x0, 0x1, 0xff, 0x70, 0x0, 0x1f,
    0xf7, 0x0, 0x1, 0xff, 0x70, 0x0, 0x1f, 0xf7,
    0x0, 0x1, 0xff, 0x70, 0x0, 0x1f, 0xf7, 0x0,
    0x1, 0xff, 0x70, 0x0, 0x2f, 0xf6, 0x2, 0x29,
    0xff, 0x30, 0xcf, 0xff, 0xc0, 0xc, 0xfe, 0xa1,
    0x0,

    /* U+006B "k" */
    0x1f, 0xf6, 0x0, 0x0, 0x0, 0x0, 0x1f, 0xf6,
    0x0, 0x0, 0x0, 0x0, 0x1f, 0xf6, 0x0, 0x0,
    0x0, 0x0, 0x1f, 0xf6, 0x0, 0x0, 0x0, 0x0,
    0x1f, 0xf6, 0x0, 0x0, 0x0, 0x0, 0x1f, 0xf6,
    0x0, 0x3, 0xff, 0x90, 0x1f, 0xf6, 0x0, 0x1e,
    0xfc, 0x0, 0x1f, 0xf6, 0x0, 0xbf, 0xe2, 0x0,
    0x1f, 0xf6, 0x6, 0xff, 0x40, 0x0, 0x1f, 0xf6,
    0x3f, 0xf8, 0x0, 0x0, 0x1f, 0xf7, 0xdf, 0xf1,
    0x0, 0x0, 0x1f, 0xff, 0xff, 0xf9, 0x0, 0x0,
    0x1f, 0xff, 0xf8, 0xff, 0x30, 0x0, 0x1f, 0xff,
    0x50, 0xcf, 0xc0, 0x0, 0x1f, 0xf9, 0x0, 0x4f,
    0xf6, 0x0, 0x1f, 0xf6, 0x0, 0xb, 0xfe, 0x0,
    0x1f, 0xf6, 0x0, 0x2, 0xff, 0x90, 0x1f, 0xf6,
    0x0, 0x0, 0x9f, 0xf2,

    /* U+006C "l" */
    0x1f, 0xf7, 0x1, 0xff, 0x70, 0x1f, 0xf7, 0x1,
    0xff, 0x70, 0x1f, 0xf7, 0x1, 0xff, 0x70, 0x1f,
    0xf7, 0x1, 0xff, 0x70, 0x1f, 0xf7, 0x1, 0xff,
    0x70, 0x1f, 0xf7, 0x1, 0xff, 0x70, 0x1f, 0xf7,
    0x1, 0xff, 0x70, 0x1f, 0xf7, 0x0, 0xff, 0xa1,
    0xd, 0xff, 0x90, 0x3d, 0xfa,

    /* U+006D "m" */
    0x1f, 0xf0, 0x2a, 0xee, 0xb2, 0x0, 0x7e, 0xfc,
    0x40, 0x1f, 0xf5, 0xef, 0xff, 0xfd, 0x1c, 0xff,
    0xff, 0xf2, 0x1f, 0xff, 0xe7, 0x5c, 0xff, 0xef,
    0x85, 0xaf, 0xf9, 0x1f, 0xfd, 0x10, 0x2, 0xff,
    0xf4, 0x0, 0xd, 0xfd, 0x1f, 0xf7, 0x0, 0x0,
    0xef, 0xb0, 0x0, 0xa, 0xff, 0x1f, 0xf7, 0x0,
    0x0, 0xdf, 0xb0, 0x0, 0x9, 0xff, 0x1f, 0xf7,
    0x0, 0x0, 0xdf, 0xb0, 0x0, 0x9, 0xff, 0x1f,
    0xf7, 0x0, 0x0, 0xdf, 0xb0, 0x0, 0x9, 0xff,
    0x1f, 0xf7, 0x0, 0x0, 0xdf, 0xb0, 0x0, 0x9,
    0xff, 0x1f, 0xf7, 0x0, 0x0, 0xdf, 0xb0, 0x0,
    0x9, 0xff, 0x1f, 0xf7, 0x0, 0x0, 0xdf, 0xb0,
    0x0, 0x9, 0xff, 0x1f, 0xf7, 0x0, 0x0, 0xdf,
    0xb0, 0x0, 0x9, 0xff, 0x1f, 0xf7, 0x0, 0x0,
    0xdf, 0xb0, 0x0, 0x9, 0xff,

    /* U+006E "n" */
    0x1f, 0xf0, 0x19, 0xef, 0xc4, 0x1, 0xff, 0x5e,
    0xff, 0xff, 0xf2, 0x1f, 0xff, 0xe7, 0x5a, 0xff,
    0x91, 0xff, 0xd1, 0x0, 0xd, 0xfd, 0x1f, 0xf7,
    0x0, 0x0, 0xaf, 0xf1, 0xff, 0x70, 0x0, 0x9,
    0xff, 0x1f, 0xf7, 0x0, 0x0, 0x9f, 0xf1, 0xff,
    0x70, 0x0, 0x9, 0xff, 0x1f, 0xf7, 0x0, 0x0,
    0x9f, 0xf1, 0xff, 0x70, 0x0, 0x9, 0xff, 0x1f,
    0xf7, 0x0, 0x0, 0x9f, 0xf1, 0xff, 0x70, 0x0,
    0x9, 0xff, 0x1f, 0xf7, 0x0, 0x0, 0x9f, 0xf0,

    /* U+006F "o" */
    0x0, 0x7, 0xdf, 0xea, 0x30, 0x0, 0x1, 0xdf,
    0xff, 0xff, 0xf7, 0x0, 0xc, 0xff, 0x83, 0x5d,
    0xff, 0x50, 0x5f, 0xf7, 0x0, 0x0, 0xef, 0xd0,
    0xaf, 0xf0, 0x0, 0x0, 0x7f, 0xf3, 0xdf, 0xc0,
    0x0, 0x0, 0x3f, 0xf5, 0xef, 0xb0, 0x0, 0x0,
    0x2f, 0xf6, 0xdf, 0xc0, 0x0, 0x0, 0x3f, 0xf5,
    0xaf, 0xf0, 0x0, 0x0, 0x7f, 0xf3, 0x5f, 0xf7,
    0x0, 0x1, 0xef, 0xd0, 0xc, 0xff, 0x84, 0x5d,
    0xff, 0x40, 0x1, 0xdf, 0xff, 0xff, 0xf7, 0x0,
    0x0, 0x7, 0xdf, 0xea, 0x30, 0x0,

    /* U+0070 "p" */
    0x1f, 0xf0, 0x3b, 0xfe, 0xb3, 0x0, 0x1f, 0xfa,
    0xff, 0xff, 0xff, 0x40, 0x1f, 0xff, 0xd6, 0x48,
    0xff, 0xe0, 0x1f, 0xfb, 0x0, 0x0, 0x7f, 0xf5,
    0x1f, 0xf7, 0x0, 0x0, 0x1f, 0xf9, 0x1f, 0xf7,
    0x0, 0x0, 0xe, 0xfb, 0x1f, 0xf7, 0x0, 0x0,
    0xe, 0xfb, 0x1f, 0xf7, 0x0, 0x0, 0xf, 0xfa,
    0x1f, 0xf7, 0x0, 0x0, 0x3f, 0xf7, 0x1f, 0xf8,
    0x0, 0x0, 0xbf, 0xf2, 0x1f, 0xff, 0xa5, 0x4b,
    0xff, 0xa0, 0x1f, 0xfe, 0xff, 0xff, 0xfc, 0x10,
    0x1f, 0xf6, 0x5d, 0xfd, 0x80, 0x0, 0x1f, 0xf6,
    0x0, 0x0, 0x0, 0x0, 0x1f, 0xf7, 0x0, 0x0,
    0x0, 0x0, 0x1f, 0xf7, 0x0, 0x0, 0x0, 0x0,
    0x1f, 0xf7, 0x0, 0x0, 0x0, 0x0, 0x1f, 0xf7,
    0x0, 0x0, 0x0, 0x0,

    /* U+0071 "q" */
    0x0, 0x19, 0xef, 0xd6, 0x1f, 0xf0, 0x2e, 0xff,
    0xff, 0xfd, 0xff, 0xc, 0xff, 0x94, 0x5a, 0xff,
    0xf5, 0xff, 0x80, 0x0, 0xa, 0xff, 0xaf, 0xf1,
    0x0, 0x0, 0x9f, 0xfc, 0xfc, 0x0, 0x0, 0x9,
    0xff, 0xef, 0xb0, 0x0, 0x0, 0x9f, 0xfd, 0xfc,
    0x0, 0x0, 0x9, 0xff, 0xbf, 0xf0, 0x0, 0x0,
    0x9f, 0xf7, 0xff, 0x70, 0x0, 0xc, 0xff, 0x1e,
    0xff, 0x84, 0x6d, 0xff, 0xf0, 0x5f, 0xff, 0xff,
    0xfc, 0xff, 0x0, 0x3b, 0xef, 0xb2, 0x8f, 0xf0,
    0x0, 0x0, 0x0, 0x8, 0xff, 0x0, 0x0, 0x0,
    0x0, 0x9f, 0xf0, 0x0, 0x0, 0x0, 0x9, 0xff,
    0x0, 0x0, 0x0, 0x0, 0x9f, 0xf0, 0x0, 0x0,
    0x0, 0x9, 0xff,

    /* U+0072 "r" */
    0x1f, 0xf0, 0x2a, 0xff, 0x1, 0xff, 0x3e, 0xff,
    0xc0, 0x1f, 0xfd, 0xf9, 0x65, 0x1, 0xff, 0xf5,
    0x0, 0x0, 0x1f, 0xfb, 0x0, 0x0, 0x1, 0xff,
    0x70, 0x0, 0x0, 0x1f, 0xf7, 0x0, 0x0, 0x1,
    0xff, 0x70, 0x0, 0x0, 0x1f, 0xf7, 0x0, 0x0,
    0x1, 0xff, 0x70, 0x0, 0x0, 0x1f, 0xf7, 0x0,
    0x0, 0x1, 0xff, 0x70, 0x0, 0x0, 0x1f, 0xf7,
    0x0, 0x0, 0x0,

    /* U+0073 "s" */
    0x0, 0x19, 0xdf, 0xea, 0x30, 0x1, 0xdf, 0xff,
    0xff, 0xf4, 0x7, 0xff, 0x51, 0x29, 0xc0, 0xa,
    0xfc, 0x0, 0x0, 0x0, 0x8, 0xff, 0x50, 0x0,
    0x0, 0x1, 0xef, 0xfd, 0x60, 0x0, 0x0, 0x19,
    0xff, 0xfe, 0x50, 0x0, 0x0, 0x18, 0xff, 0xf4,
    0x0, 0x0, 0x0, 0x1e, 0xfb, 0x2, 0x10, 0x0,
    0xa, 0xfc, 0xd, 0xe7, 0x11, 0x5f, 0xf8, 0x1d,
    0xff, 0xff, 0xff, 0xd1, 0x0, 0x5b, 0xef, 0xd8,
    0x10,

    /* U+0074 "t" */
    0x0, 0x28, 0x60, 0x0, 0x0, 0x5, 0xfd, 0x0,
    0x0, 0x0, 0x7f, 0xd0, 0x0, 0x0, 0x8, 0xfd,
    0x0, 0x0, 0x6e, 0xff, 0xff, 0xff, 0x7, 0xff,
    0xff, 0xff, 0xf0, 0x12, 0xbf, 0xd2, 0x22, 0x0,
    0xb, 0xfd, 0x0, 0x0, 0x0, 0xbf, 0xd0, 0x0,
    0x0, 0xb, 0xfd, 0x0, 0x0, 0x0, 0xbf, 0xd0,
    0x0, 0x0, 0xb, 0xfd, 0x0, 0x0, 0x0, 0xaf,
    0xd0, 0x0, 0x0, 0x9, 0xff, 0x0, 0x0, 0x0,
    0x6f, 0xf9, 0x34, 0x0, 0x1, 0xef, 0xff, 0xf1,
    0x0, 0x3, 0xbf, 0xfc, 0x20,

    /* U+0075 "u" */
    0x4f, 0xf4, 0x0, 0x0, 0xcf, 0xc4, 0xff, 0x40,
    0x0, 0xc, 0xfc, 0x4f, 0xf4, 0x0, 0x0, 0xcf,
    0xc4, 0xff, 0x40, 0x0, 0xc, 0xfc, 0x4f, 0xf4,
    0x0, 0x0, 0xcf, 0xc4, 0xff, 0x40, 0x0, 0xc,
    0xfc, 0x4f, 0xf4, 0x0, 0x0, 0xcf, 0xc4, 0xff,
    0x40, 0x0, 0xc, 0xfc, 0x3f, 0xf5, 0x0, 0x0,
    0xcf, 0xc2, 0xff, 0x90, 0x0, 0x6f, 0xfc, 0xe,
    0xff, 0x85, 0x9f, 0xff, 0xc0, 0x7f, 0xff, 0xff,
    0xa7, 0xfc, 0x0, 0x7d, 0xfd, 0x60, 0x5f, 0xc0,

    /* U+0076 "v" */
    0x8f, 0xf0, 0x0, 0x0, 0xe, 0xf8, 0x3f, 0xf5,
    0x0, 0x0, 0x3f, 0xf3, 0xd, 0xf9, 0x0, 0x0,
    0x8f, 0xe0, 0x8, 0xfe, 0x0, 0x0, 0xdf, 0x90,
    0x3, 0xff, 0x30, 0x1, 0xff, 0x30, 0x0, 0xef,
    0x80, 0x6, 0xfe, 0x0, 0x0, 0x9f, 0xc0, 0xb,
    0xf9, 0x0, 0x0, 0x3f, 0xf1, 0xf, 0xf4, 0x0,
    0x0, 0xe, 0xf5, 0x3f, 0xf0, 0x0, 0x0, 0x9,
    0xf9, 0x8f, 0xa0, 0x0, 0x0, 0x4, 0xfe, 0xcf,
    0x50, 0x0, 0x0, 0x0, 0xef, 0xff, 0x0, 0x0,
    0x0, 0x0, 0x9f, 0xfb, 0x0, 0x0,

    /* U+0077 "w" */
    0x4f, 0xf4, 0x0, 0x1, 0xff, 0x70, 0x0, 0xd,
    0xf8, 0xf, 0xf7, 0x0, 0x5, 0xff, 0xb0, 0x0,
    0x1f, 0xf4, 0xc, 0xfb, 0x0, 0x9, 0xff, 0xf0,
    0x0, 0x4f, 0xf0, 0x8, 0xfe, 0x0, 0xd, 0xeb,
    0xf3, 0x0, 0x8f, 0xc0, 0x4, 0xff, 0x20, 0x1f,
    0xb8, 0xf7, 0x0, 0xcf, 0x80, 0x0, 0xff, 0x60,
    0x5f, 0x85, 0xfb, 0x0, 0xff, 0x40, 0x0, 0xcf,
    0xa0, 0x9f, 0x51, 0xfe, 0x3, 0xff, 0x10, 0x0,
    0x8f, 0xd0, 0xcf, 0x10, 0xdf, 0x26, 0xfd, 0x0,
    0x0, 0x4f, 0xf1, 0xfd, 0x0, 0x9f, 0x69, 0xf9,
    0x0, 0x0, 0xf, 0xf6, 0xf9, 0x0, 0x6f, 0x9c,
    0xf5, 0x0, 0x0, 0xc, 0xfd, 0xf6, 0x0, 0x2f,
    0xdf, 0xf1, 0x0, 0x0, 0x8, 0xff, 0xf2, 0x0,
    0xe, 0xff, 0xd0, 0x0, 0x0, 0x4, 0xff, 0xe0,
    0x0, 0xa, 0xff, 0x90, 0x0,

    /* U+0078 "x" */
    0x2f, 0xfa, 0x0, 0x0, 0xef, 0xa0, 0x8, 0xff,
    0x30, 0x6, 0xff, 0x20, 0x0, 0xef, 0xb0, 0xd,
    0xf8, 0x0, 0x0, 0x5f, 0xf3, 0x6f, 0xe1, 0x0,
    0x0, 0xc, 0xfc, 0xdf, 0x70, 0x0, 0x0, 0x3,
    0xff, 0xfd, 0x0, 0x0, 0x0, 0x0, 0xef, 0xf7,
    0x0, 0x0, 0x0, 0x7, 0xff, 0xfe, 0x0, 0x0,
    0x0, 0x1f, 0xf5, 0xff, 0x80, 0x0, 0x0, 0xaf,
    0xc0, 0x8f, 0xf2, 0x0, 0x3, 0xff, 0x40, 0xe,
    0xfb, 0x0, 0xc, 0xfc, 0x0, 0x6, 0xff, 0x50,
    0x5f, 0xf3, 0x0, 0x0, 0xcf, 0xe0,

    /* U+0079 "y" */
    0x8f, 0xf1, 0x0, 0x0, 0xe, 0xf8, 0x1f, 0xf6,
    0x0, 0x0, 0x3f, 0xf3, 0xb, 0xfb, 0x0, 0x0,
    0x8f, 0xd0, 0x5, 0xff, 0x10, 0x0, 0xdf, 0x80,
    0x0, 0xff, 0x60, 0x1, 0xff, 0x30, 0x0, 0x9f,
    0xc0, 0x6, 0xfd, 0x0, 0x0, 0x3f, 0xf1, 0xb,
    0xf8, 0x0, 0x0, 0xd, 0xf6, 0xf, 0xf3, 0x0,
    0x0, 0x7, 0xfb, 0x3f, 0xd0, 0x0, 0x0, 0x1,
    0xff, 0x8f, 0x80, 0x0, 0x0, 0x0, 0xbf, 0xff,
    0x30, 0x0, 0x0, 0x0, 0x5f, 0xfe, 0x0, 0x0,
    0x0, 0x0, 0xf, 0xf8, 0x0, 0x0, 0x0, 0x0,
    0x2f, 0xf3, 0x0, 0x0, 0x0, 0x0, 0xaf, 0xd0,
    0x0, 0x0, 0x2, 0x38, 0xff, 0x50, 0x0, 0x0,
    0xc, 0xff, 0xfa, 0x0, 0x0, 0x0, 0xd, 0xfd,
    0x70, 0x0, 0x0, 0x0,

    /* U+007A "z" */
    0x8, 0xff, 0xff, 0xff, 0xff, 0x0, 0x8f, 0xff,
    0xff, 0xff, 0xd0, 0x1, 0x22, 0x22, 0x9f, 0xf4,
    0x0, 0x0, 0x0, 0x1f, 0xfa, 0x0, 0x0, 0x0,
    0xb, 0xfe, 0x10, 0x0, 0x0, 0x5, 0xff, 0x60,
    0x0, 0x0, 0x1, 0xef, 0xc0, 0x0, 0x0, 0x0,
    0x9f, 0xf2, 0x0, 0x0, 0x0, 0x4f, 0xf7, 0x0,
    0x0, 0x0, 0xd, 0xfd, 0x0, 0x0, 0x0, 0x8,
    0xff, 0x52, 0x22, 0x22, 0x1, 0xff, 0xff, 0xff,
    0xff, 0xf3, 0x3f, 0xff, 0xff, 0xff, 0xff, 0x30,

    /* U+007B "{" */
    0x0, 0x4, 0xcf, 0xf0, 0x0, 0xff, 0xb7, 0x0,
    0x3f, 0xe0, 0x0, 0x4, 0xfd, 0x0, 0x0, 0x4f,
    0xd0, 0x0, 0x3, 0xfd, 0x0, 0x0, 0x2f, 0xd0,
    0x0, 0x1, 0xfe, 0x0, 0x0, 0x1f, 0xe0, 0x0,
    0x6, 0xfc, 0x0, 0x1b, 0xff, 0x40, 0x2, 0xff,
    0xb1, 0x0, 0x1, 0xaf, 0xa0, 0x0, 0x2, 0xfd,
    0x0, 0x0, 0x1f, 0xe0, 0x0, 0x2, 0xfd, 0x0,
    0x0, 0x3f, 0xd0, 0x0, 0x4, 0xfd, 0x0, 0x0,
    0x4f, 0xc0, 0x0, 0x4, 0xfd, 0x0, 0x0, 0x1f,
    0xf6, 0x20, 0x0, 0x8f, 0xff, 0x0, 0x0, 0x24,
    0x50,

    /* U+007C "|" */
    0xcf, 0xcf, 0xcf, 0xcf, 0xcf, 0xcf, 0xcf, 0xcf,
    0xcf, 0xcf, 0xcf, 0xcf, 0xcf, 0xcf, 0xcf, 0xcf,
    0xcf, 0xcf, 0xcf, 0xcf, 0xcf, 0xcf, 0xcf, 0xcf,
    0xcf, 0xcf,

    /* U+007D "}" */
    0x2f, 0xfb, 0x20, 0x0, 0x8c, 0xfc, 0x0, 0x0,
    0x1f, 0xf0, 0x0, 0x0, 0xff, 0x10, 0x0, 0xf,
    0xf1, 0x0, 0x0, 0xff, 0x0, 0x0, 0xf, 0xf0,
    0x0, 0x1, 0xfe, 0x0, 0x0, 0xf, 0xe0, 0x0,
    0x0, 0xef, 0x30, 0x0, 0x7, 0xff, 0xa0, 0x0,
    0x2d, 0xff, 0x0, 0xd, 0xf8, 0x10, 0x0, 0xff,
    0x0, 0x0, 0x1f, 0xe0, 0x0, 0x0, 0xff, 0x0,
    0x0, 0xf, 0xf0, 0x0, 0x0, 0xff, 0x0, 0x0,
    0xf, 0xf1, 0x0, 0x0, 0xff, 0x10, 0x2, 0x8f,
    0xe0, 0x2, 0xff, 0xf6, 0x0, 0x5, 0x41, 0x0,
    0x0,

    /* U+007E "~" */
    0x0, 0x6e, 0xf9, 0x10, 0x0, 0x20, 0x8, 0xff,
    0xff, 0xe4, 0x6, 0xf6, 0xd, 0xd2, 0x19, 0xff,
    0xff, 0xf2, 0x0, 0x20, 0x0, 0x4d, 0xfb, 0x20,

    /* U+00B7 "·" */
    0x0, 0x44, 0x0, 0xb, 0xff, 0xb0, 0x6f, 0xff,
    0xf6, 0x8f, 0xff, 0xf8, 0x4f, 0xff, 0xf3, 0x6,
    0xee, 0x60,

    /* U+3002 "。" */
    0x0, 0x4, 0x52, 0x0, 0x1, 0xcf, 0xff, 0x70,
    0xb, 0xe2, 0x6, 0xf4, 0x1f, 0x50, 0x0, 0xba,
    0x2f, 0x30, 0x0, 0x9b, 0xf, 0x80, 0x0, 0xd8,
    0x7, 0xf8, 0x5c, 0xe1, 0x0, 0x6d, 0xfb, 0x20,

    /* U+4E00 "一" */
    0x1f, 0xff, 0xff, 0xff, 0xff, 0xff, 0xff, 0xff,
    0xff, 0xff, 0xf2, 0x1f, 0xff, 0xff, 0xff, 0xff,
    0xff, 0xff, 0xff, 0xff, 0xff, 0xf2, 0x5, 0x55,
    0x55, 0x55, 0x55, 0x55, 0x55, 0x55, 0x55, 0x55,
    0x50,

    /* U+4E0B "下" */
    0x9f, 0xff, 0xff, 0xff, 0xff, 0xff, 0xff, 0xff,
    0xff, 0xff, 0x9, 0xff, 0xff, 0xff, 0xff, 0xff,
    0xff, 0xff, 0xff, 0xff, 0xf0, 0x0, 0x0, 0x0,
    0x0, 0x5f, 0xe0, 0x0, 0x0, 0x0, 0x0, 0x0,
    0x0, 0x0, 0x0, 0x5, 0xfe, 0x0, 0x0, 0x0,
    0x0, 0x0, 0x0, 0x0, 0x0, 0x0, 0x5f, 0xe0,
    0x0, 0x0, 0x0, 0x0, 0x0, 0x0, 0x0, 0x0,
    0x5, 0xfe, 0x60, 0x0, 0x0, 0x0, 0x0, 0x0,
    0x0, 0x0, 0x0, 0x5f, 0xff, 0xe6, 0x0, 0x0,
    0x0, 0x0, 0x0, 0x0, 0x0, 0x5, 0xff, 0xef,
    0xfd, 0x40, 0x0, 0x0, 0x0, 0x0, 0x0, 0x0,
    0x5f, 0xe1, 0x9f, 0xff, 0xa1, 0x0, 0x0, 0x0,
    0x0, 0x0, 0x5, 0xfe, 0x0, 0x3c, 0xff, 0xe5,
    0x0, 0x0, 0x0, 0x0, 0x0, 0x5f, 0xe0, 0x0,
    0x7, 0xff, 0x90, 0x0, 0x0, 0x0, 0x0, 0x5,
    0xfe, 0x0, 0x0, 0x3, 0xb0, 0x0, 0x0, 0x0,
    0x0, 0x0, 0x5f, 0xe0, 0x0, 0x0, 0x0, 0x0,
    0x0, 0x0, 0x0, 0x0, 0x5, 0xfe, 0x0, 0x0,
    0x0, 0x0, 0x0, 0x0, 0x0, 0x0, 0x0, 0x5f,
    0xe0, 0x0, 0x0, 0x0, 0x0, 0x0, 0x0, 0x0,
    0x0, 0x5, 0xfe, 0x0, 0x0, 0x0, 0x0, 0x0,
    0x0, 0x0, 0x0, 0x0, 0x5f, 0xe0, 0x0, 0x0,
    0x0, 0x0, 0x0, 0x0, 0x0, 0x0, 0x5, 0xfe,
    0x0, 0x0, 0x0, 0x0, 0x0, 0x0, 0x0, 0x0,
    0x0, 0x5f, 0xe0, 0x0, 0x0, 0x0, 0x0, 0x0,

    /* U+4E86 "了" */
    0x0, 0x0, 0x0, 0x0, 0x0, 0x0, 0x0, 0x0,
    0x0, 0xef, 0xff, 0xff, 0xff, 0xff, 0xff, 0xff,
    0xff, 0xd2, 0xef, 0xff, 0xff, 0xff, 0xff, 0xff,
    0xff, 0xff, 0xf7, 0x1, 0x11, 0x11, 0x11, 0x11,
    0x11, 0x1c, 0xff, 0x70, 0x0, 0x0, 0x0, 0x0,
    0x0, 0x1, 0xcf, 0xf6, 0x0, 0x0, 0x0, 0x0,
    0x0, 0x0, 0x4e, 0xfe, 0x40, 0x0, 0x0, 0x0,
    0x0, 0x0, 0x19, 0xff, 0xc2, 0x0, 0x0, 0x0,
    0x0, 0x0, 0x0, 0xff, 0xf8, 0x0, 0x0, 0x0,
    0x0, 0x0, 0x0, 0x0, 0xff, 0x50, 0x0, 0x0,
    0x0, 0x0, 0x0, 0x0, 0x0, 0xff, 0x30, 0x0,
    0x0, 0x0, 0x0, 0x0, 0x0, 0x0, 0xff, 0x30,
    0x0, 0x0, 0x0, 0x0, 0x0, 0x0, 0x0, 0xff,
    0x30, 0x0, 0x0, 0x0, 0x0, 0x0, 0x0, 0x0,
    0xff, 0x30, 0x0, 0x0, 0x0, 0x0, 0x0, 0x0,
    0x0, 0xff, 0x30, 0x0, 0x0, 0x0, 0x0, 0x0,
    0x0, 0x0, 0xff, 0x30, 0x0, 0x0, 0x0, 0x0,
    0x0, 0x0, 0x0, 0xff, 0x30, 0x0, 0x0, 0x0,
    0x0, 0x0, 0x0, 0x0, 0xff, 0x30, 0x0, 0x0,
    0x0, 0x0, 0x0, 0x0, 0x1, 0xff, 0x20, 0x0,
    0x0, 0x0, 0x0, 0x5, 0xff, 0xff, 0xff, 0x10,
    0x0, 0x0, 0x0, 0x0, 0x0, 0xef, 0xff, 0xc5,
    0x0, 0x0, 0x0, 0x0, 0x0, 0x0, 0x0, 0x0,
    0x0, 0x0, 0x0, 0x0, 0x0,

    /* U+4EAE "亮" */
    0x0, 0x0, 0x0, 0x0, 0x4a, 0x90, 0x0, 0x0,
    0x0, 0x0, 0x0, 0x0, 0x0, 0x0, 0x3f, 0xf3,
    0x0, 0x0, 0x0, 0x0, 0xbc, 0xcc, 0xcc, 0xcc,
    0xcf, 0xff, 0xcc, 0xcc, 0xcc, 0xc8, 0xef, 0xff,
    0xff, 0xff, 0xff, 0xff, 0xff, 0xff, 0xff, 0xf9,
    0x0, 0x0, 0x0, 0x0, 0x0, 0x0, 0x0, 0x0,
    0x0, 0x0, 0x0, 0xb, 0xff, 0xff, 0xff, 0xff,
    0xff, 0xff, 0xb0, 0x0, 0x0, 0xb, 0xfa, 0x77,
    0x77, 0x77, 0x77, 0xaf, 0xc0, 0x0, 0x0, 0xb,
    0xf6, 0x0, 0x0, 0x0, 0x0, 0x6f, 0xc0, 0x0,
    0x0, 0xb, 0xff, 0xff, 0xff, 0xff, 0xff, 0xff,
    0xc0, 0x0, 0x0, 0x5, 0x77, 0x77, 0x77, 0x77,
    0x77, 0x77, 0x50, 0x0, 0x0, 0x0, 0x0, 0x0,
    0x0, 0x0, 0x0, 0x0, 0x0, 0x0, 0x9f, 0xff,
    0xff, 0xff, 0xff, 0xff, 0xff, 0xff, 0xff, 0xf5,
    0x9f, 0xb9, 0x99, 0x99, 0x99, 0x99, 0x99, 0x99,
    0x9d, 0xf5, 0x9f, 0x60, 0x0, 0x22, 0x11, 0x11,
    0x22, 0x0, 0xb, 0xf5, 0x8e, 0x50, 0x9, 0xff,
    0xff, 0xff, 0xff, 0x80, 0x9, 0xd4, 0x0, 0x0,
    0xb, 0xff, 0xaa, 0xaa, 0xff, 0x80, 0x0, 0x0,
    0x0, 0x0, 0xe, 0xf4, 0x0, 0x0, 0xbf, 0x80,
    0x0, 0x0, 0x0, 0x0, 0x6f, 0xf0, 0x0, 0x0,
    0xbf, 0x80, 0x3, 0xe6, 0x0, 0x7, 0xff, 0x70,
    0x0, 0x0, 0xaf, 0x80, 0x4, 0xf8, 0x6b, 0xff,
    0xf9, 0x0, 0x0, 0x0, 0x9f, 0xfc, 0xce, 0xf5,
    0x4f, 0xfb, 0x40, 0x0, 0x0, 0x0, 0x2d, 0xff,
    0xff, 0xb0, 0x4, 0x0, 0x0, 0x0, 0x0, 0x0,
    0x0, 0x0, 0x0, 0x0,

    /* U+4F59 "余" */
    0x0, 0x0, 0x0, 0x0, 0x0, 0x48, 0x0, 0x0,
    0x0, 0x0, 0x0, 0x0, 0x0, 0x0, 0x0, 0x3,
    0xff, 0x70, 0x0, 0x0, 0x0, 0x0, 0x0, 0x0,
    0x0, 0x0, 0x4f, 0xff, 0xf4, 0x0, 0x0, 0x0,
    0x0, 0x0, 0x0, 0x0, 0x6, 0xff, 0x67, 0xff,
    0x60, 0x0, 0x0, 0x0, 0x0, 0x0, 0x1, 0xaf,
    0xf5, 0x0, 0x6f, 0xfb, 0x10, 0x0, 0x0, 0x0,
    0x0, 0x5e, 0xfd, 0x20, 0x0, 0x4, 0xef, 0xe7,
    0x0, 0x0, 0x0, 0x3c, 0xff, 0xa0, 0x0, 0x0,
    0x0, 0x1b, 0xff, 0xe7, 0x0, 0x2b, 0xff, 0xef,
    0xee, 0xee, 0xff, 0xee, 0xee, 0xed, 0xff, 0xf4,
    0xd, 0xf9, 0x1c, 0xff, 0xff, 0xff, 0xff, 0xff,
    0xa0, 0x6e, 0xb0, 0x2, 0x20, 0x0, 0x0, 0x0,
    0xff, 0x30, 0x0, 0x0, 0x0, 0x10, 0x0, 0x0,
    0x0, 0x0, 0x0, 0xff, 0x20, 0x0, 0x0, 0x0,
    0x0, 0x0, 0x9c, 0xcc, 0xcc, 0xcc, 0xff, 0xec,
    0xcc, 0xcc, 0xcc, 0x0, 0x0, 0xdf, 0xff, 0xff,
    0xff, 0xff, 0xff, 0xff, 0xff, 0xff, 0x0, 0x0,
    0x23, 0x33, 0x33, 0x34, 0xff, 0x63, 0x33, 0x33,
    0x33, 0x0, 0x0, 0x0, 0x4, 0x40, 0x0, 0xff,
    0x20, 0x7, 0x20, 0x0, 0x0, 0x0, 0x0, 0x2f,
    0xf5, 0x0, 0xff, 0x20, 0xaf, 0xe3, 0x0, 0x0,
    0x0, 0x2, 0xef, 0x90, 0x0, 0xff, 0x20, 0xb,
    0xff, 0x30, 0x0, 0x0, 0x3e, 0xfb, 0x0, 0x0,
    0xff, 0x20, 0x0, 0xbf, 0xf3, 0x0, 0x6, 0xff,
    0xb0, 0x0, 0x1, 0xff, 0x20, 0x0, 0xb, 0xfe,
    0x20, 0x2, 0xe9, 0x0, 0x1f, 0xff, 0xff, 0x10,
    0x0, 0x0, 0xda, 0x10, 0x0, 0x0, 0x0, 0xa,
    0xff, 0xc5, 0x0, 0x0, 0x0, 0x0, 0x0,

    /* U+4FDD "保" */
    0x0, 0x0, 0x1, 0xd8, 0x0, 0x0, 0x0, 0x0,
    0x0, 0x0, 0x0, 0x0, 0x0, 0x8, 0xfb, 0x2f,
    0xff, 0xff, 0xff, 0xff, 0xff, 0x20, 0x0, 0x0,
    0x1f, 0xf3, 0x2f, 0xfd, 0xdd, 0xdd, 0xdd, 0xff,
    0x20, 0x0, 0x0, 0xaf, 0xb0, 0x2f, 0xd0, 0x0,
    0x0, 0x0, 0xff, 0x20, 0x0, 0x5, 0xff, 0x20,
    0x2f, 0xd0, 0x0, 0x0, 0x0, 0xff, 0x20, 0x0,
    0x1f, 0xff, 0x0, 0x2f, 0xd2, 0x22, 0x22, 0x22,
    0xff, 0x20, 0x0, 0xcf, 0xfe, 0x0, 0x2f, 0xff,
    0xff, 0xff, 0xff, 0xff, 0x20, 0xc, 0xff, 0xfe,
    0x0, 0x1b, 0xbb, 0xbf, 0xfd, 0xbb, 0xbb, 0x10,
    0x1e, 0xf7, 0xfe, 0x0, 0x0, 0x0, 0xe, 0xf2,
    0x0, 0x0, 0x0, 0x7, 0x62, 0xfe, 0x0, 0x0,
    0x0, 0xe, 0xf2, 0x0, 0x0, 0x0, 0x0, 0x2,
    0xfe, 0xe, 0xee, 0xee, 0xff, 0xff, 0xee, 0xee,
    0xe2, 0x0, 0x2, 0xfe, 0x1f, 0xff, 0xff, 0xff,
    0xff, 0xff, 0xff, 0xf2, 0x0, 0x2, 0xfe, 0x0,
    0x0, 0x5, 0xff, 0xff, 0x90, 0x0, 0x0, 0x0,
    0x2, 0xfe, 0x0, 0x0, 0x2f, 0xff, 0xfe, 0xf5,
    0x0, 0x0, 0x0, 0x2, 0xfe, 0x0, 0x2, 0xef,
    0x7e, 0xf5, 0xff, 0x40, 0x0, 0x0, 0x2, 0xfe,
    0x0, 0x2e, 0xfb, 0xe, 0xf2, 0x5f, 0xf4, 0x0,
    0x0, 0x2, 0xfe, 0x5, 0xff, 0xc0, 0xe, 0xf2,
    0x7, 0xff, 0x60, 0x0, 0x2, 0xfe, 0x5f, 0xfc,
    0x10, 0xe, 0xf2, 0x0, 0x8f, 0xf7, 0x0, 0x2,
    0xfe, 0x9, 0x90, 0x0, 0xe, 0xf2, 0x0, 0x6,
    0xc0, 0x0, 0x1, 0xfd, 0x0, 0x0, 0x0, 0xe,
    0xf2, 0x0, 0x0, 0x0,

    /* U+505C "停" */
    0x0, 0x0, 0x4, 0x30, 0x0, 0x0, 0x38, 0x30,
    0x0, 0x0, 0x0, 0x0, 0x0, 0xdf, 0x50, 0x0,
    0x6, 0xfc, 0x0, 0x0, 0x0, 0x0, 0x0, 0x4f,
    0xe8, 0xbb, 0xbb, 0xcf, 0xfd, 0xbb, 0xbb, 0x80,
    0x0, 0xb, 0xf7, 0xbf, 0xff, 0xff, 0xff, 0xff,
    0xff, 0xfc, 0x0, 0x4, 0xff, 0x10, 0x0, 0x0,
    0x0, 0x0, 0x0, 0x0, 0x0, 0x0, 0xff, 0x80,
    0x4, 0xff, 0xff, 0xff, 0xff, 0xff, 0x10, 0x0,
    0x8f, 0xf1, 0x0, 0x4f, 0xb7, 0x77, 0x77, 0x7f,
    0xf1, 0x0, 0x4f, 0xff, 0x10, 0x4, 0xf7, 0x0,
    0x0, 0x0, 0xef, 0x10, 0x2f, 0xff, 0xf1, 0x0,
    0x4f, 0xff, 0xff, 0xff, 0xff, 0xf1, 0x2, 0xfd,
    0xdf, 0x10, 0x1, 0x55, 0x55, 0x55, 0x55, 0x55,
    0x0, 0x7, 0x1d, 0xf1, 0x19, 0x99, 0x99, 0x99,
    0x99, 0x99, 0x99, 0x70, 0x0, 0xdf, 0x12, 0xff,
    0xff, 0xff, 0xff, 0xff, 0xff, 0xfd, 0x0, 0xd,
    0xf1, 0x2f, 0xb1, 0x11, 0x11, 0x11, 0x11, 0x1f,
    0xd0, 0x0, 0xdf, 0x12, 0xfc, 0x77, 0x77, 0x77,
    0x77, 0x76, 0xfd, 0x0, 0xd, 0xf1, 0x3, 0x6f,
    0xff, 0xff, 0xff, 0xff, 0xd3, 0x20, 0x0, 0xdf,
    0x10, 0x0, 0x33, 0x35, 0xff, 0x33, 0x32, 0x0,
    0x0, 0xd, 0xf1, 0x0, 0x0, 0x0, 0x2f, 0xf0,
    0x0, 0x0, 0x0, 0x0, 0xdf, 0x10, 0x0, 0x0,
    0x2, 0xff, 0x0, 0x0, 0x0, 0x0, 0xd, 0xf1,
    0x0, 0x0, 0x0, 0x2f, 0xe0, 0x0, 0x0, 0x0,
    0x0, 0xdf, 0x10, 0x0, 0x2b, 0xbd, 0xfd, 0x0,
    0x0, 0x0, 0x0, 0xd, 0xf1, 0x0, 0x0, 0xef,
    0xfd, 0x50, 0x0, 0x0, 0x0, 0x0, 0x0, 0x0,
    0x0, 0x0, 0x0, 0x0, 0x0, 0x0, 0x0,

    /* U+5149 "光" */
    0x0, 0x0, 0x0, 0x0, 0x1, 0x98, 0x0, 0x0,
    0x0, 0x0, 0x0, 0x0, 0x1, 0x60, 0x0, 0x2,
    0xff, 0x0, 0x0, 0x9, 0x50, 0x0, 0x0, 0xe,
    0xf5, 0x0, 0x2, 0xff, 0x0, 0x0, 0x4f, 0xf2,
    0x0, 0x0, 0x6, 0xfe, 0x0, 0x2, 0xff, 0x0,
    0x0, 0xbf, 0xa0, 0x0, 0x0, 0x0, 0xdf, 0x60,
    0x2, 0xff, 0x0, 0x2, 0xff, 0x20, 0x0, 0x0,
    0x0, 0x6f, 0xd0, 0x2, 0xff, 0x0, 0xb, 0xf9,
    0x0, 0x0, 0x0, 0x0, 0x1f, 0xf2, 0x2, 0xff,
    0x0, 0x3f, 0xe1, 0x0, 0x0, 0x0, 0x0, 0x6,
    0x20, 0x2, 0xff, 0x0, 0x3, 0x40, 0x0, 0x0,
    0x4, 0x55, 0x55, 0x55, 0x57, 0xff, 0x55, 0x55,
    0x55, 0x55, 0x40, 0xd, 0xff, 0xff, 0xff, 0xff,
    0xff, 0xff, 0xff, 0xff, 0xff, 0xe0, 0x9, 0xaa,
    0xaa, 0xcf, 0xfa, 0xaa, 0xef, 0xfa, 0xaa, 0xaa,
    0x90, 0x0, 0x0, 0x0, 0x4f, 0xe0, 0x0, 0x4f,
    0xc0, 0x0, 0x0, 0x0, 0x0, 0x0, 0x0, 0x7f,
    0xc0, 0x0, 0x4f, 0xc0, 0x0, 0x0, 0x0, 0x0,
    0x0, 0x0, 0x9f, 0x90, 0x0, 0x4f, 0xc0, 0x0,
    0x0, 0x0, 0x0, 0x0, 0x0, 0xdf, 0x60, 0x0,
    0x4f, 0xc0, 0x0, 0x0, 0x0, 0x0, 0x0, 0x4,
    0xff, 0x10, 0x0, 0x4f, 0xc0, 0x0, 0x5, 0x0,
    0x0, 0x0, 0xd, 0xfa, 0x0, 0x0, 0x4f, 0xc0,
    0x0, 0xc, 0xf2, 0x0, 0x1, 0xcf, 0xf1, 0x0,
    0x0, 0x4f, 0xc0, 0x0, 0xd, 0xf1, 0x1, 0x7f,
    0xff, 0x40, 0x0, 0x0, 0x4f, 0xd0, 0x0, 0x1f,
    0xe0, 0x1e, 0xff, 0xd3, 0x0, 0x0, 0x0, 0x2f,
    0xff, 0xff, 0xff, 0xa0, 0x6, 0xd6, 0x0, 0x0,
    0x0, 0x0, 0x8, 0xef, 0xff, 0xfc, 0x20, 0x0,
    0x0, 0x0, 0x0, 0x0, 0x0, 0x0, 0x0, 0x0,
    0x0, 0x0,

    /* U+5168 "全" */
    0x0, 0x0, 0x0, 0x0, 0x0, 0x0, 0x0, 0x0,
    0x0, 0x0, 0x0, 0x0, 0x0, 0x0, 0x0, 0x0,
    0xac, 0x20, 0x0, 0x0, 0x0, 0x0, 0x0, 0x0,
    0x0, 0x0, 0x6, 0xff, 0x70, 0x0, 0x0, 0x0,
    0x0, 0x0, 0x0, 0x0, 0x0, 0x5f, 0xff, 0xf4,
    0x0, 0x0, 0x0, 0x0, 0x0, 0x0, 0x0, 0x5,
    0xff, 0x77, 0xff, 0x50, 0x0, 0x0, 0x0, 0x0,
    0x0, 0x0, 0x6f, 0xf8, 0x0, 0x7f, 0xf7, 0x0,
    0x0, 0x0, 0x0, 0x0, 0x1a, 0xff, 0x70, 0x0,
    0x6, 0xff, 0xb1, 0x0, 0x0, 0x0, 0x5, 0xef,
    0xf5, 0x0, 0x0, 0x0, 0x4e, 0xff, 0x60, 0x0,
    0x3, 0xbf, 0xfd, 0x20, 0x0, 0x0, 0x0, 0x2,
    0xcf, 0xfc, 0x40, 0x3f, 0xff, 0xfc, 0xcc, 0xcc,
    0xcc, 0xcc, 0xcc, 0xcf, 0xff, 0xf4, 0x7, 0xa2,
    0xbf, 0xff, 0xff, 0xff, 0xff, 0xff, 0xfd, 0x1a,
    0x80, 0x0, 0x0, 0x11, 0x11, 0x13, 0xff, 0x31,
    0x11, 0x11, 0x0, 0x0, 0x0, 0x0, 0x0, 0x0,
    0x1, 0xff, 0x10, 0x0, 0x0, 0x0, 0x0, 0x0,
    0x0, 0x0, 0x0, 0x1, 0xff, 0x10, 0x0, 0x0,
    0x0, 0x0, 0x0, 0x0, 0x5c, 0xcc, 0xcd, 0xff,
    0xdc, 0xcc, 0xc8, 0x0, 0x0, 0x0, 0x0, 0x7f,
    0xff, 0xff, 0xff, 0xff, 0xff, 0xfb, 0x0, 0x0,
    0x0, 0x0, 0x0, 0x0, 0x2, 0xff, 0x20, 0x0,
    0x0, 0x0, 0x0, 0x0, 0x0, 0x0, 0x0, 0x1,
    0xff, 0x10, 0x0, 0x0, 0x0, 0x0, 0x0, 0x0,
    0x0, 0x0, 0x1, 0xff, 0x10, 0x0, 0x0, 0x0,
    0x0, 0x4, 0xdd, 0xdd, 0xdd, 0xde, 0xff, 0xed,
    0xdd, 0xdd, 0xdd, 0x50, 0x5, 0xff, 0xff, 0xff,
    0xff, 0xff, 0xff, 0xff, 0xff, 0xff, 0x70, 0x5,
    0xff, 0xff, 0xff, 0xff, 0xff, 0xff, 0xff, 0xff,
    0xff, 0x70,

    /* U+5173 "关" */
    0x0, 0x0, 0x0, 0x30, 0x0, 0x0, 0x0, 0x4,
    0x20, 0x0, 0x0, 0x0, 0x0, 0x1e, 0xf2, 0x0,
    0x0, 0x0, 0xf, 0xf7, 0x0, 0x0, 0x0, 0x0,
    0x8, 0xfd, 0x0, 0x0, 0x0, 0x7f, 0xe0, 0x0,
    0x0, 0x0, 0x0, 0x0, 0xef, 0x60, 0x0, 0x1,
    0xef, 0x50, 0x0, 0x0, 0x0, 0x0, 0x0, 0x6e,
    0x50, 0x0, 0x9, 0xfb, 0x0, 0x0, 0x0, 0x0,
    0x2f, 0xff, 0xff, 0xff, 0xff, 0xff, 0xff, 0xff,
    0xf7, 0x0, 0x0, 0x3f, 0xff, 0xff, 0xff, 0xff,
    0xff, 0xff, 0xff, 0xf7, 0x0, 0x0, 0x1, 0x11,
    0x11, 0x12, 0xff, 0x61, 0x11, 0x11, 0x10, 0x0,
    0x0, 0x0, 0x0, 0x0, 0x1, 0xff, 0x50, 0x0,
    0x0, 0x0, 0x0, 0x0, 0x0, 0x0, 0x0, 0x1,
    0xff, 0x40, 0x0, 0x0, 0x0, 0x0, 0x1, 0x22,
    0x22, 0x22, 0x24, 0xff, 0x62, 0x22, 0x22, 0x22,
    0x10, 0x9, 0xff, 0xff, 0xff, 0xff, 0xff, 0xff,
    0xff, 0xff, 0xff, 0xa0, 0x7, 0xee, 0xee, 0xee,
    0xef, 0xff, 0xfe, 0xee, 0xee, 0xee, 0x90, 0x0,
    0x0, 0x0, 0x0, 0xd, 0xff, 0xf3, 0x0, 0x0,
    0x0, 0x0, 0x0, 0x0, 0x0, 0x0, 0x7f, 0xfe,
    0xfd, 0x10, 0x0, 0x0, 0x0, 0x0, 0x0, 0x0,
    0x5, 0xff, 0xc0, 0xdf, 0xc1, 0x0, 0x0, 0x0,
    0x0, 0x0, 0x0, 0x7f, 0xfe, 0x20, 0x2f, 0xfd,
    0x30, 0x0, 0x0, 0x0, 0x0, 0x4c, 0xff, 0xd2,
    0x0, 0x4, 0xff, 0xf8, 0x10, 0x0, 0x0, 0x6c,
    0xff, 0xfa, 0x10, 0x0, 0x0, 0x2d, 0xff, 0xfa,
    0x50, 0xb, 0xff, 0xfc, 0x40, 0x0, 0x0, 0x0,
    0x0, 0x8f, 0xff, 0xc0, 0x1, 0xda, 0x40, 0x0,
    0x0, 0x0, 0x0, 0x0, 0x1, 0x7c, 0x20, 0x0,
    0x0, 0x0, 0x0, 0x0, 0x0, 0x0, 0x0, 0x0,
    0x0, 0x0,

    /* U+518D "再" */
    0x2f, 0xff, 0xff, 0xff, 0xff, 0xff, 0xff, 0xff,
    0xff, 0xf9, 0x1, 0x66, 0x66, 0x66, 0x66, 0xff,
    0x96, 0x66, 0x66, 0x66, 0x30, 0x0, 0x0, 0x0,
    0x0, 0xe, 0xf2, 0x0, 0x0, 0x0, 0x0, 0x0,
    0x5, 0xcc, 0xcc, 0xcc, 0xff, 0xec, 0xcc, 0xcf,
    0xc0, 0x0, 0x0, 0x7f, 0xff, 0xff, 0xff, 0xff,
    0xff, 0xff, 0xff, 0x10, 0x0, 0x7, 0xfa, 0x22,
    0x22, 0xff, 0x42, 0x22, 0x2f, 0xf1, 0x0, 0x0,
    0x7f, 0xa0, 0x0, 0xe, 0xf2, 0x0, 0x0, 0xff,
    0x10, 0x0, 0x7, 0xff, 0x99, 0x99, 0xff, 0xc9,
    0x99, 0x9f, 0xf1, 0x0, 0x0, 0x7f, 0xff, 0xff,
    0xff, 0xff, 0xff, 0xff, 0xff, 0x10, 0x0, 0x7,
    0xfc, 0x22, 0x22, 0xff, 0x52, 0x22, 0x2f, 0xf1,
    0x0, 0x0, 0x7f, 0xa0, 0x0, 0xe, 0xf2, 0x0,
    0x0, 0xff, 0x10, 0x0, 0x18, 0xfb, 0x11, 0x11,
    0xff, 0x31, 0x11, 0x1f, 0xf2, 0x10, 0xff, 0xff,
    0xff, 0xff, 0xff, 0xff, 0xff, 0xff, 0xff, 0xff,
    0xbd, 0xdf, 0xff, 0xdd, 0xdd, 0xdd, 0xdd, 0xdd,
    0xdf, 0xff, 0xd9, 0x0, 0x7f, 0xa0, 0x0, 0x0,
    0x0, 0x0, 0x0, 0xff, 0x10, 0x0, 0x7, 0xfa,
    0x0, 0x0, 0x0, 0x0, 0x0, 0xf, 0xf1, 0x0,
    0x0, 0x7f, 0xa0, 0x0, 0x0, 0x0, 0x0, 0x0,
    0xff, 0x10, 0x0, 0x7, 0xfa, 0x0, 0x0, 0x0,
    0x9, 0xee, 0xef, 0xf0, 0x0, 0x0, 0x7f, 0xa0,
    0x0, 0x0, 0x0, 0x4f, 0xff, 0xd5, 0x0, 0x0,
    0x0, 0x10, 0x0, 0x0, 0x0, 0x0, 0x0, 0x0,
    0x0, 0x0,

    /* U+51C6 "准" */
    0x0, 0x0, 0x0, 0x0, 0x3, 0x41, 0x0, 0x51,
    0x0, 0x0, 0x0, 0x2, 0x90, 0x0, 0x0, 0xb,
    0xf5, 0x8, 0xfa, 0x0, 0x0, 0x0, 0xd, 0xf9,
    0x0, 0x0, 0x1f, 0xe0, 0x1, 0xff, 0x40, 0x0,
    0x0, 0x4, 0xff, 0x30, 0x0, 0x8f, 0x80, 0x0,
    0x8f, 0x80, 0x0, 0x0, 0x0, 0xaf, 0xc0, 0x1,
    0xff, 0xfd, 0xdd, 0xef, 0xdd, 0xdd, 0x80, 0x0,
    0x2f, 0xf5, 0x9, 0xff, 0xff, 0xff, 0xff, 0xff,
    0xff, 0xa0, 0x0, 0xa, 0xf5, 0x2f, 0xfe, 0x0,
    0x0, 0xef, 0x10, 0x0, 0x0, 0x0, 0x2, 0x10,
    0xbf, 0xfc, 0x0, 0x0, 0xef, 0x10, 0x0, 0x0,
    0x0, 0x0, 0x7, 0xff, 0xfd, 0x11, 0x11, 0xff,
    0x31, 0x11, 0x0, 0x0, 0x0, 0x4f, 0xf7, 0xff,
    0xff, 0xff, 0xff, 0xff, 0xff, 0x30, 0x0, 0x0,
    0xa, 0x82, 0xff, 0xbb, 0xbb, 0xff, 0xdb, 0xbb,
    0x20, 0x0, 0x0, 0x30, 0x2, 0xfc, 0x0, 0x0,
    0xef, 0x10, 0x0, 0x0, 0x0, 0x2, 0xfd, 0x2,
    0xfc, 0x0, 0x0, 0xef, 0x10, 0x0, 0x0, 0x0,
    0x8, 0xfb, 0x2, 0xff, 0xff, 0xff, 0xff, 0xff,
    0xff, 0x30, 0x0, 0xe, 0xf5, 0x2, 0xff, 0xdd,
    0xdd, 0xff, 0xfd, 0xdd, 0x20, 0x0, 0x6f, 0xf0,
    0x2, 0xfc, 0x0, 0x0, 0xef, 0x10, 0x0, 0x0,
    0x0, 0xdf, 0x90, 0x2, 0xfc, 0x0, 0x0, 0xef,
    0x10, 0x0, 0x0, 0x4, 0xff, 0x20, 0x2, 0xff,
    0x44, 0x44, 0xff, 0x64, 0x44, 0x40, 0xc, 0xfb,
    0x0, 0x2, 0xff, 0xff, 0xff, 0xff, 0xff, 0xff,
    0xf1, 0x5, 0xc4, 0x0, 0x2, 0xff, 0x99, 0x99,
    0x99, 0x99, 0x99, 0x90, 0x0, 0x0, 0x0, 0x2,
    0xfc, 0x0, 0x0, 0x0, 0x0, 0x0, 0x0,

    /* U+51FA "出" */
    0x0, 0x0, 0x0, 0x2, 0xaa, 0x0, 0x0, 0x0,
    0x0, 0x0, 0x0, 0x0, 0x3, 0xff, 0x10, 0x0,
    0x0, 0x0, 0x9, 0xb3, 0x0, 0x3, 0xff, 0x10,
    0x0, 0x4b, 0xa0, 0xd, 0xf5, 0x0, 0x3, 0xff,
    0x10, 0x0, 0x5f, 0xf0, 0xd, 0xf5, 0x0, 0x3,
    0xff, 0x10, 0x0, 0x5f, 0xf0, 0xd, 0xf5, 0x0,
    0x3, 0xff, 0x10, 0x0, 0x5f, 0xf0, 0xd, 0xf5,
    0x0, 0x3, 0xff, 0x10, 0x0, 0x5f, 0xf0, 0xd,
    0xf5, 0x0, 0x3, 0xff, 0x10, 0x0, 0x5f, 0xf0,
    0xd, 0xff, 0xff, 0xff, 0xff, 0xff, 0xff, 0xff,
    0xf0, 0xd, 0xff, 0xff, 0xff, 0xff, 0xff, 0xff,
    0xff, 0xf0, 0x1, 0x11, 0x11, 0x15, 0xff, 0x21,
    0x11, 0x11, 0x10, 0x45, 0x20, 0x0, 0x3, 0xff,
    0x10, 0x0, 0x2, 0x54, 0xef, 0x60, 0x0, 0x3,
    0xff, 0x10, 0x0, 0x8, 0xfd, 0xef, 0x60, 0x0,
    0x3, 0xff, 0x10, 0x0, 0x8, 0xfd, 0xef, 0x60,
    0x0, 0x3, 0xff, 0x10, 0x0, 0x8, 0xfd, 0xef,
    0x60, 0x0, 0x3, 0xff, 0x10, 0x0, 0x8, 0xfd,
    0xef, 0x60, 0x0, 0x3, 0xff, 0x10, 0x0, 0x8,
    0xfd, 0xef, 0x84, 0x44, 0x47, 0xff, 0x54, 0x44,
    0x4c, 0xfd, 0xef, 0xff, 0xff, 0xff, 0xff, 0xff,
    0xff, 0xff, 0xfd, 0xbd, 0xdd, 0xdd, 0xdd, 0xdd,
    0xdd, 0xdd, 0xdf, 0xfd, 0x0, 0x0, 0x0, 0x0,
    0x0, 0x0, 0x0, 0x8, 0xfd,

    /* U+51FB "击" */
    0x0, 0x0, 0x0, 0x0, 0x5, 0x50, 0x0, 0x0,
    0x0, 0x0, 0x0, 0x0, 0x0, 0x0, 0xf, 0xf2,
    0x0, 0x0, 0x0, 0x0, 0x0, 0x0, 0x0, 0x0,
    0xf, 0xf2, 0x0, 0x0, 0x0, 0x0, 0x0, 0x11,
    0x11, 0x11, 0x2f, 0xf4, 0x11, 0x11, 0x11, 0x0,
    0x2, 0xff, 0xff, 0xff, 0xff, 0xff, 0xff, 0xff,
    0xff, 0x30, 0x1, 0xff, 0xff, 0xff, 0xff, 0xff,
    0xff, 0xff, 0xff, 0x30, 0x0, 0x0, 0x0, 0x0,
    0xf, 0xf2, 0x0, 0x0, 0x0, 0x0, 0x0, 0x0,
    0x0, 0x0, 0xf, 0xf2, 0x0, 0x0, 0x0, 0x0,
    0x11, 0x11, 0x11, 0x11, 0x2f, 0xf4, 0x11, 0x11,
    0x11, 0x11, 0xbf, 0xff, 0xff, 0xff, 0xff, 0xff,
    0xff, 0xff, 0xff, 0xfb, 0xbf, 0xff, 0xff, 0xff,
    0xff, 0xff, 0xff, 0xff, 0xff, 0xfb, 0x0, 0x0,
    0x0, 0x0, 0xf, 0xf2, 0x0, 0x0, 0x0, 0x0,
    0x0, 0x89, 0x20, 0x0, 0xf, 0xf2, 0x0, 0x2,
    0x98, 0x0, 0x0, 0xef, 0x40, 0x0, 0xf, 0xf2,
    0x0, 0x4, 0xfd, 0x0, 0x0, 0xef, 0x40, 0x0,
    0xf, 0xf2, 0x0, 0x4, 0xfd, 0x0, 0x0, 0xef,
    0x40, 0x0, 0xf, 0xf2, 0x0, 0x4, 0xfd, 0x0,
    0x0, 0xef, 0x40, 0x0, 0xf, 0xf2, 0x0, 0x4,
    0xfd, 0x0, 0x0, 0xef, 0x85, 0x55, 0x5f, 0xf7,
    0x55, 0x59, 0xfe, 0x0, 0x0, 0xef, 0xff, 0xff,
    0xff, 0xff, 0xff, 0xff, 0xff, 0x0, 0x0, 0xab,
    0xbb, 0xbb, 0xbb, 0xbb, 0xbb, 0xbf, 0xff, 0x0,
    0x0, 0x0, 0x0, 0x0, 0x0, 0x0, 0x0, 0x4,
    0xfd, 0x0,

    /* U+524D "前" */
    0x0, 0x0, 0x23, 0x0, 0x0, 0x0, 0x0, 0x34,
    0x0, 0x0, 0x0, 0x5, 0xfe, 0x20, 0x0, 0x0,
    0x0, 0xdf, 0x90, 0x0, 0x0, 0x0, 0xbf, 0xc0,
    0x0, 0x0, 0x6, 0xff, 0x10, 0x0, 0x0, 0x0,
    0x2f, 0xe3, 0x0, 0x0, 0x2f, 0xf6, 0x0, 0x0,
    0xef, 0xff, 0xff, 0xff, 0xff, 0xff, 0xff, 0xff,
    0xff, 0xfe, 0xcd, 0xdd, 0xdd, 0xdd, 0xdd, 0xdd,
    0xdd, 0xdd, 0xdd, 0xdc, 0x0, 0x0, 0x0, 0x0,
    0x0, 0x0, 0x0, 0x0, 0x0, 0x0, 0x3, 0x55,
    0x55, 0x56, 0x74, 0x0, 0x11, 0x0, 0x5c, 0x60,
    0x9, 0xff, 0xff, 0xff, 0xfc, 0x0, 0xef, 0x0,
    0x7f, 0x90, 0x9, 0xfa, 0x77, 0x7b, 0xfc, 0x0,
    0xef, 0x0, 0x7f, 0x90, 0x9, 0xf6, 0x0, 0x4,
    0xfc, 0x0, 0xef, 0x0, 0x7f, 0x90, 0x9, 0xff,
    0xbb, 0xbf, 0xfc, 0x0, 0xef, 0x0, 0x7f, 0x90,
    0x9, 0xff, 0xdd, 0xdf, 0xfc, 0x0, 0xef, 0x0,
    0x7f, 0x90, 0x9, 0xf6, 0x0, 0x4, 0xfc, 0x0,
    0xef, 0x0, 0x7f, 0x90, 0x9, 0xfa, 0x44, 0x48,
    0xfc, 0x0, 0xef, 0x0, 0x7f, 0x90, 0x9, 0xff,
    0xff, 0xff, 0xfc, 0x0, 0xef, 0x0, 0x7f, 0x90,
    0x9, 0xfb, 0x55, 0x59, 0xfc, 0x0, 0xdf, 0x0,
    0x7f, 0x90, 0x9, 0xf6, 0x0, 0x4, 0xfc, 0x0,
    0x0, 0x0, 0x7f, 0x90, 0x9, 0xf6, 0x0, 0x4,
    0xfc, 0x0, 0x0, 0x0, 0x8f, 0x90, 0x9, 0xf6,
    0x8, 0xcd, 0xfb, 0x0, 0x7, 0xff, 0xff, 0x70,
    0x9, 0xf5, 0x5, 0xff, 0xb3, 0x0, 0x2, 0xff,
    0xe9, 0x0,

    /* U+5269 "剩" */
    0x0, 0x0, 0x0, 0x0, 0x0, 0x30, 0x0, 0x0,
    0x2, 0x30, 0x0, 0x12, 0x45, 0x7a, 0xcf, 0xfa,
    0x0, 0x0, 0xc, 0xf4, 0x1f, 0xff, 0xff, 0xff,
    0xfd, 0xa6, 0x0, 0x0, 0xc, 0xf4, 0x8, 0x98,
    0x77, 0xff, 0x0, 0x0, 0x0, 0xfc, 0xc, 0xf4,
    0x12, 0x22, 0x24, 0xff, 0x22, 0x22, 0x21, 0xfd,
    0xc, 0xf4, 0x9f, 0xff, 0xff, 0xff, 0xff, 0xff,
    0xf5, 0xfd, 0xc, 0xf4, 0x47, 0x78, 0x79, 0xff,
    0x77, 0x77, 0x73, 0xfd, 0xc, 0xf4, 0x0, 0xf,
    0x81, 0xfd, 0x2f, 0x40, 0x0, 0xfd, 0xc, 0xf4,
    0x49, 0x9f, 0x81, 0xfd, 0x2f, 0x6b, 0x70, 0xfd,
    0xc, 0xf4, 0x6e, 0xef, 0x81, 0xfd, 0x2f, 0xfe,
    0x60, 0xfd, 0xc, 0xf4, 0x0, 0xf, 0x81, 0xfd,
    0x2f, 0xb0, 0x0, 0xfd, 0xc, 0xf4, 0x26, 0x9f,
    0x81, 0xfd, 0x2f, 0x42, 0xb3, 0xfd, 0xc, 0xf4,
    0x9f, 0xdf, 0x82, 0xff, 0x1f, 0xaa, 0xf3, 0xfd,
    0xc, 0xf4, 0x22, 0xf, 0x79, 0xff, 0x19, 0xcc,
    0x90, 0xfd, 0xc, 0xf4, 0x0, 0x0, 0x3f, 0xff,
    0xf6, 0x0, 0x0, 0xfd, 0xc, 0xf4, 0x0, 0x3,
    0xef, 0xff, 0xef, 0xb1, 0x0, 0x54, 0xc, 0xf4,
    0x0, 0x2e, 0xf5, 0xfd, 0x1d, 0xfe, 0x40, 0x0,
    0xc, 0xf4, 0x3, 0xef, 0x61, 0xfd, 0x0, 0xbf,
    0xb0, 0x0, 0xc, 0xf4, 0x7f, 0xf7, 0x1, 0xfd,
    0x0, 0x9, 0x10, 0x0, 0xc, 0xf4, 0x4f, 0x60,
    0x1, 0xfd, 0x0, 0x0, 0x0, 0x8f, 0xff, 0xf2,
    0x2, 0x0, 0x1, 0xfd, 0x0, 0x0, 0x0, 0x3f,
    0xfd, 0x70,

    /* U+529F "功" */
    0x0, 0x0, 0x0, 0x0, 0x0, 0x0, 0x17, 0x60,
    0x0, 0x0, 0x0, 0x0, 0x0, 0x0, 0x0, 0x0,
    0x2, 0xff, 0x0, 0x0, 0x0, 0x1, 0x11, 0x11,
    0x11, 0x10, 0x0, 0x2f, 0xe0, 0x0, 0x0, 0x0,
    0xff, 0xff, 0xff, 0xff, 0x20, 0x2, 0xfe, 0x0,
    0x0, 0x0, 0xb, 0xbb, 0xff, 0xdb, 0xb1, 0x0,
    0x3f, 0xe0, 0x0, 0x0, 0x0, 0x0, 0xe, 0xf2,
    0x0, 0x8e, 0xef, 0xff, 0xee, 0xef, 0xfc, 0x0,
    0x0, 0xef, 0x20, 0x9, 0xff, 0xff, 0xff, 0xff,
    0xff, 0xe0, 0x0, 0xe, 0xf2, 0x0, 0x1, 0x15,
    0xfd, 0x11, 0x14, 0xfd, 0x0, 0x0, 0xef, 0x20,
    0x0, 0x0, 0x5f, 0xa0, 0x0, 0x3f, 0xc0, 0x0,
    0xe, 0xf2, 0x0, 0x0, 0x7, 0xf9, 0x0, 0x4,
    0xfc, 0x0, 0x0, 0xef, 0x20, 0x0, 0x0, 0x9f,
    0x80, 0x0, 0x5f, 0xb0, 0x0, 0xe, 0xf2, 0x0,
    0x0, 0xc, 0xf5, 0x0, 0x6, 0xfa, 0x0, 0x0,
    0xef, 0x20, 0x12, 0x0, 0xff, 0x20, 0x0, 0x7f,
    0xa0, 0x0, 0xf, 0xfa, 0xdf, 0x90, 0x4f, 0xe0,
    0x0, 0x7, 0xf9, 0x3, 0x7b, 0xff, 0xff, 0xf8,
    0xb, 0xf9, 0x0, 0x0, 0x9f, 0x83, 0xff, 0xff,
    0xfa, 0x51, 0x2, 0xff, 0x30, 0x0, 0xa, 0xf6,
    0xf, 0xd8, 0x40, 0x0, 0x0, 0xcf, 0xb0, 0x0,
    0x0, 0xcf, 0x40, 0x10, 0x0, 0x0, 0x0, 0x9f,
    0xf2, 0x0, 0x0, 0xf, 0xf2, 0x0, 0x0, 0x0,
    0x0, 0xaf, 0xf6, 0x0, 0x0, 0x5, 0xff, 0x0,
    0x0, 0x0, 0x0, 0xdf, 0xf7, 0x0, 0x2f, 0xff,
    0xff, 0xa0, 0x0, 0x0, 0x0, 0x5, 0xf5, 0x0,
    0x0, 0xdf, 0xff, 0xa1, 0x0, 0x0, 0x0, 0x0,
    0x1, 0x0, 0x0, 0x0, 0x0, 0x0, 0x0,

    /* U+5361 "卡" */
    0x0, 0x0, 0x0, 0x0, 0x5c, 0x90, 0x0, 0x0,
    0x0, 0x0, 0x0, 0x0, 0x0, 0x0, 0x6f, 0xc0,
    0x0, 0x0, 0x0, 0x0, 0x0, 0x0, 0x0, 0x0,
    0x6f, 0xc0, 0x0, 0x0, 0x0, 0x0, 0x0, 0x0,
    0x0, 0x0, 0x6f, 0xfe, 0xee, 0xee, 0xec, 0x0,
    0x0, 0x0, 0x0, 0x0, 0x6f, 0xff, 0xff, 0xff,
    0xfd, 0x0, 0x0, 0x0, 0x0, 0x0, 0x6f, 0xd1,
    0x11, 0x11, 0x11, 0x0, 0x0, 0x0, 0x0, 0x0,
    0x6f, 0xc0, 0x0, 0x0, 0x0, 0x0, 0x0, 0x0,
    0x0, 0x0, 0x6f, 0xc0, 0x0, 0x0, 0x0, 0x0,
    0x58, 0x88, 0x88, 0x88, 0xef, 0xf8, 0x88, 0x88,
    0x88, 0x87, 0xbf, 0xff, 0xff, 0xff, 0xff, 0xff,
    0xff, 0xff, 0xff, 0xff, 0x7a, 0xaa, 0xaa, 0xaa,
    0xff, 0xfa, 0xaa, 0xaa, 0xaa, 0xaa, 0x0, 0x0,
    0x0, 0x0, 0x5f, 0xd0, 0x0, 0x0, 0x0, 0x0,
    0x0, 0x0, 0x0, 0x0, 0x5f, 0xd0, 0x0, 0x0,
    0x0, 0x0, 0x0, 0x0, 0x0, 0x0, 0x5f, 0xd9,
    0xf9, 0x30, 0x0, 0x0, 0x0, 0x0, 0x0, 0x0,
    0x5f, 0xea, 0xff, 0xfc, 0x60, 0x0, 0x0, 0x0,
    0x0, 0x0, 0x5f, 0xd0, 0x18, 0xef, 0xfe, 0x70,
    0x0, 0x0, 0x0, 0x0, 0x5f, 0xd0, 0x0, 0x6,
    0xdf, 0x90, 0x0, 0x0, 0x0, 0x0, 0x5f, 0xd0,
    0x0, 0x0, 0x6, 0x10, 0x0, 0x0, 0x0, 0x0,
    0x5f, 0xd0, 0x0, 0x0, 0x0, 0x0, 0x0, 0x0,
    0x0, 0x0, 0x5f, 0xd0, 0x0, 0x0, 0x0, 0x0,
    0x0, 0x0, 0x0, 0x0, 0x5f, 0xd0, 0x0, 0x0,
    0x0, 0x0,

    /* U+5417 "吗" */
    0x0, 0x0, 0x0, 0x0, 0x0, 0x0, 0x0, 0x0,
    0x0, 0x0, 0x2e, 0xfc, 0xcc, 0xb0, 0xaf, 0xff,
    0xff, 0xff, 0xff, 0x20, 0x3f, 0xff, 0xff, 0xe0,
    0x9e, 0xee, 0xee, 0xee, 0xff, 0x10, 0x3f, 0xc2,
    0x2f, 0xe0, 0x3, 0x30, 0x0, 0x0, 0xff, 0x0,
    0x3f, 0xa0, 0xf, 0xe0, 0xd, 0xf2, 0x0, 0x1,
    0xfe, 0x0, 0x3f, 0xa0, 0xf, 0xe0, 0xe, 0xf0,
    0x0, 0x3, 0xfc, 0x0, 0x3f, 0xa0, 0xf, 0xe0,
    0xf, 0xf0, 0x0, 0x5, 0xfa, 0x0, 0x3f, 0xa0,
    0xf, 0xe0, 0x1f, 0xd0, 0x0, 0x7, 0xf8, 0x0,
    0x3f, 0xa0, 0xf, 0xe0, 0x2f, 0xb0, 0x0, 0x9,
    0xf6, 0x0, 0x3f, 0xa0, 0xf, 0xe0, 0x4f, 0xff,
    0xff, 0xff, 0xff, 0xfb, 0x3f, 0xa0, 0xf, 0xe0,
    0x5f, 0xfd, 0xdd, 0xdf, 0xff, 0xfa, 0x3f, 0xa0,
    0xf, 0xe0, 0x0, 0x0, 0x0, 0x0, 0x3, 0xf9,
    0x3f, 0xff, 0xff, 0xe0, 0x0, 0x0, 0x0, 0x0,
    0x5, 0xf7, 0x3f, 0xfd, 0xdd, 0xc3, 0xdd, 0xdd,
    0xdd, 0xdd, 0x46, 0xf6, 0x3f, 0xa0, 0x0, 0x4,
    0xff, 0xff, 0xff, 0xff, 0x69, 0xf4, 0x3f, 0xa0,
    0x0, 0x0, 0x0, 0x0, 0x0, 0x0, 0xb, 0xf1,
    0x1, 0x10, 0x0, 0x0, 0x0, 0x0, 0x0, 0x0,
    0xe, 0xf0, 0x0, 0x0, 0x0, 0x0, 0x0, 0x0,
    0x0, 0x0, 0x4f, 0xb0, 0x0, 0x0, 0x0, 0x0,
    0x0, 0x0, 0x7, 0xdc, 0xff, 0x60, 0x0, 0x0,
    0x0, 0x0, 0x0, 0x0, 0x4, 0xff, 0xf9, 0x0,
    0x0, 0x0, 0x0, 0x0, 0x0, 0x0, 0x0, 0x0,
    0x0, 0x0,

    /* U+56DB "四" */
    0x1a, 0xaa, 0xaa, 0xaa, 0xaa, 0xaa, 0xaa, 0xaa,
    0xaa, 0xa1, 0x2f, 0xff, 0xff, 0xff, 0xff, 0xff,
    0xff, 0xff, 0xff, 0xf2, 0x2f, 0xf5, 0x55, 0xff,
    0xb5, 0x5f, 0xf7, 0x55, 0x6f, 0xf2, 0x2f, 0xf0,
    0x0, 0xbf, 0x50, 0xe, 0xf1, 0x0, 0xf, 0xf2,
    0x2f, 0xf0, 0x0, 0xbf, 0x40, 0xe, 0xf1, 0x0,
    0xf, 0xf2, 0x2f, 0xf0, 0x0, 0xcf, 0x30, 0xe,
    0xf1, 0x0, 0xf, 0xf2, 0x2f, 0xf0, 0x0, 0xef,
    0x10, 0xe, 0xf1, 0x0, 0xf, 0xf2, 0x2f, 0xf0,
    0x1, 0xff, 0x0, 0xe, 0xf1, 0x0, 0xf, 0xf2,
    0x2f, 0xf0, 0x5, 0xfc, 0x0, 0xd, 0xf1, 0x0,
    0xf, 0xf2, 0x2f, 0xf0, 0xc, 0xf7, 0x0, 0xd,
    0xf3, 0x0, 0x2f, 0xf2, 0x2f, 0xf0, 0x7f, 0xf1,
    0x0, 0xa, 0xff, 0xff, 0xff, 0xf2, 0x2f, 0xf9,
    0xff, 0x60, 0x0, 0x1, 0x9a, 0xba, 0xaf, 0xf2,
    0x2f, 0xf4, 0xf7, 0x0, 0x0, 0x0, 0x0, 0x0,
    0xf, 0xf2, 0x2f, 0xf0, 0x10, 0x0, 0x0, 0x0,
    0x0, 0x0, 0xf, 0xf2, 0x2f, 0xf4, 0x44, 0x44,
    0x44, 0x44, 0x44, 0x44, 0x4f, 0xf2, 0x2f, 0xff,
    0xff, 0xff, 0xff, 0xff, 0xff, 0xff, 0xff, 0xf2,
    0x2f, 0xfc, 0xcc, 0xcc, 0xcc, 0xcc, 0xcc, 0xcc,
    0xcf, 0xf2, 0x2f, 0xf0, 0x0, 0x0, 0x0, 0x0,
    0x0, 0x0, 0xf, 0xf2, 0x5, 0x50, 0x0, 0x0,
    0x0, 0x0, 0x0, 0x0, 0x2, 0x20,

    /* U+56DE "回" */
    0x3f, 0xff, 0xff, 0xff, 0xff, 0xff, 0xff, 0xff,
    0xff, 0xf5, 0x3f, 0xff, 0xff, 0xff, 0xff, 0xff,
    0xff, 0xff, 0xff, 0xf5, 0x3f, 0xe2, 0x22, 0x22,
    0x22, 0x22, 0x22, 0x22, 0x2e, 0xf5, 0x3f, 0xe0,
    0x0, 0x0, 0x0, 0x0, 0x0, 0x0, 0xe, 0xf5,
    0x3f, 0xe0, 0x0, 0x0, 0x0, 0x0, 0x0, 0x0,
    0xe, 0xf5, 0x3f, 0xe0, 0x1, 0xcc, 0xcc, 0xcc,
    0xcc, 0x20, 0xe, 0xf5, 0x3f, 0xe0, 0x2, 0xff,
    0xff, 0xff, 0xff, 0x20, 0xe, 0xf5, 0x3f, 0xe0,
    0x2, 0xfd, 0x11, 0x11, 0xef, 0x20, 0xe, 0xf5,
    0x3f, 0xe0, 0x2, 0xfd, 0x0, 0x0, 0xef, 0x20,
    0xe, 0xf5, 0x3f, 0xe0, 0x2, 0xfd, 0x0, 0x0,
    0xef, 0x20, 0xe, 0xf5, 0x3f, 0xe0, 0x2, 0xfd,
    0x0, 0x0, 0xef, 0x20, 0xe, 0xf5, 0x3f, 0xe0,
    0x2, 0xfd, 0x0, 0x0, 0xef, 0x20, 0xe, 0xf5,
    0x3f, 0xe0, 0x2, 0xff, 0xff, 0xff, 0xff, 0x20,
    0xe, 0xf5, 0x3f, 0xe0, 0x1, 0xcc, 0xcc, 0xcc,
    0xcc, 0x20, 0xe, 0xf5, 0x3f, 0xe0, 0x0, 0x0,
    0x0, 0x0, 0x0, 0x0, 0xe, 0xf5, 0x3f, 0xe0,
    0x0, 0x0, 0x0, 0x0, 0x0, 0x0, 0xe, 0xf5,
    0x3f, 0xf1, 0x11, 0x11, 0x11, 0x11, 0x11, 0x11,
    0x1f, 0xf5, 0x3f, 0xff, 0xff, 0xff, 0xff, 0xff,
    0xff, 0xff, 0xff, 0xf5, 0x3f, 0xfe, 0xee, 0xee,
    0xee, 0xee, 0xee, 0xee, 0xef, 0xf5, 0x3f, 0xe0,
    0x0, 0x0, 0x0, 0x0, 0x0, 0x0, 0xe, 0xf5,

    /* U+5706 "圆" */
    0x3c, 0xcc, 0xcc, 0xcc, 0xcc, 0xcc, 0xcc, 0xcc,
    0xcc, 0xc2, 0x4f, 0xff, 0xff, 0xff, 0xff, 0xff,
    0xff, 0xff, 0xff, 0xf2, 0x4f, 0xc0, 0x0, 0x0,
    0x0, 0x0, 0x0, 0x0, 0xe, 0xf2, 0x4f, 0xc0,
    0x4f, 0xff, 0xff, 0xff, 0xff, 0xf1, 0xe, 0xf2,
    0x4f, 0xc0, 0x4f, 0xb6, 0x66, 0x66, 0x6e, 0xf1,
    0xe, 0xf2, 0x4f, 0xc0, 0x4f, 0xa3, 0x33, 0x33,
    0x3e, 0xf1, 0xe, 0xf2, 0x4f, 0xc0, 0x4f, 0xff,
    0xff, 0xff, 0xff, 0xf1, 0xe, 0xf2, 0x4f, 0xc0,
    0x2, 0x22, 0x22, 0x22, 0x22, 0x20, 0xe, 0xf2,
    0x4f, 0xc0, 0x7a, 0xaa, 0xaa, 0xaa, 0xaa, 0xa5,
    0xe, 0xf2, 0x4f, 0xc0, 0xbf, 0xff, 0xff, 0xff,
    0xff, 0xf8, 0xe, 0xf2, 0x4f, 0xc0, 0xbf, 0x10,
    0x6, 0x80, 0x6, 0xf8, 0xe, 0xf2, 0x4f, 0xc0,
    0xbf, 0x10, 0xc, 0xf0, 0x6, 0xf8, 0xe, 0xf2,
    0x4f, 0xc0, 0xbf, 0x10, 0xf, 0xe0, 0x6, 0xf8,
    0xe, 0xf2, 0x4f, 0xc0, 0xae, 0x10, 0x9f, 0x96,
    0x25, 0xc6, 0xe, 0xf2, 0x4f, 0xc0, 0x1, 0x6d,
    0xfc, 0x3f, 0xfb, 0x50, 0xe, 0xf2, 0x4f, 0xc7,
    0xdf, 0xfe, 0x70, 0x2, 0x8f, 0xfd, 0x1e, 0xf2,
    0x4f, 0xc2, 0xd9, 0x40, 0x0, 0x0, 0x0, 0x7b,
    0xe, 0xf2, 0x4f, 0xfa, 0xaa, 0xaa, 0xaa, 0xaa,
    0xaa, 0xaa, 0xaf, 0xf2, 0x4f, 0xff, 0xff, 0xff,
    0xff, 0xff, 0xff, 0xff, 0xff, 0xf2, 0x4f, 0xd0,
    0x0, 0x0, 0x0, 0x0, 0x0, 0x0, 0xf, 0xf2,

    /* U+5907 "备" */
    0x0, 0x0, 0x0, 0x0, 0x96, 0x10, 0x0, 0x0,
    0x0, 0x0, 0x0, 0x0, 0x0, 0x0, 0x9, 0xfd,
    0x10, 0x0, 0x0, 0x0, 0x0, 0x0, 0x0, 0x0,
    0x0, 0x8f, 0xff, 0xcc, 0xcc, 0xcc, 0xf6, 0x0,
    0x0, 0x0, 0x0, 0x9, 0xff, 0xff, 0xff, 0xff,
    0xff, 0xfa, 0x0, 0x0, 0x0, 0x3, 0xcf, 0xff,
    0x20, 0x0, 0x1, 0xaf, 0xe1, 0x0, 0x0, 0x0,
    0xaf, 0xfe, 0xef, 0xe5, 0x0, 0x2c, 0xfd, 0x10,
    0x0, 0x0, 0x0, 0x8f, 0x70, 0xa, 0xff, 0xdd,
    0xff, 0xb0, 0x0, 0x0, 0x0, 0x0, 0x1, 0x0,
    0x0, 0x9f, 0xff, 0xfd, 0x20, 0x0, 0x0, 0x0,
    0x0, 0x0, 0x16, 0xae, 0xff, 0xff, 0xff, 0xfd,
    0x95, 0x20, 0x0, 0x9, 0xce, 0xff, 0xff, 0xc6,
    0x0, 0x4a, 0xff, 0xff, 0xff, 0xd3, 0xb, 0xff,
    0xeb, 0x61, 0x0, 0x0, 0x0, 0x4, 0x8c, 0xef,
    0xa0, 0x3, 0x55, 0xdd, 0xdd, 0xdd, 0xee, 0xdd,
    0xdd, 0xdd, 0x41, 0x0, 0x0, 0x3, 0xff, 0xff,
    0xff, 0xff, 0xff, 0xff, 0xff, 0x50, 0x0, 0x0,
    0x3, 0xfe, 0x0, 0x0, 0xef, 0x30, 0x0, 0xbf,
    0x50, 0x0, 0x0, 0x3, 0xff, 0x0, 0x0, 0xff,
    0x40, 0x0, 0xcf, 0x50, 0x0, 0x0, 0x3, 0xff,
    0xff, 0xff, 0xff, 0xff, 0xff, 0xff, 0x50, 0x0,
    0x0, 0x3, 0xff, 0x99, 0x99, 0xff, 0xd9, 0x99,
    0xff, 0x50, 0x0, 0x0, 0x3, 0xfe, 0x0, 0x0,
    0xef, 0x30, 0x0, 0xbf, 0x50, 0x0, 0x0, 0x3,
    0xff, 0xdd, 0xdd, 0xff, 0xfd, 0xdd, 0xff, 0x50,
    0x0, 0x0, 0x3, 0xff, 0xff, 0xff, 0xff, 0xff,
    0xff, 0xff, 0x50, 0x0, 0x0, 0x3, 0xff, 0xff,
    0xff, 0xff, 0xff, 0xff, 0xff, 0x50, 0x0, 0x0,
    0x0, 0x0, 0x0, 0x0, 0x0, 0x0, 0x0, 0x0,
    0x0, 0x0,

    /* U+594F "奏" */
    0x0, 0x0, 0x0, 0x0, 0x0, 0x98, 0x0, 0x0,
    0x0, 0x0, 0x0, 0x0, 0x0, 0x0, 0x0, 0x1,
    0xff, 0x0, 0x0, 0x0, 0x0, 0x0, 0x0, 0x4f,
    0xff, 0xff, 0xff, 0xff, 0xff, 0xff, 0xff, 0xf7,
    0x0, 0x0, 0x3a, 0xaa, 0xaa, 0xaf, 0xff, 0xaa,
    0xaa, 0xaa, 0xa4, 0x0, 0x0, 0x0, 0x0, 0x0,
    0xb, 0xf7, 0x0, 0x0, 0x0, 0x0, 0x0, 0x0,
    0x6, 0xff, 0xff, 0xff, 0xff, 0xff, 0xff, 0xff,
    0x80, 0x0, 0x0, 0x4, 0xbb, 0xbb, 0xff, 0xfb,
    0xbb, 0xbb, 0xbb, 0x60, 0x0, 0x0, 0x0, 0x0,
    0x0, 0xef, 0x40, 0x0, 0x0, 0x0, 0x0, 0x0,
    0xc, 0xff, 0xff, 0xff, 0xff, 0xff, 0xff, 0xff,
    0xff, 0xff, 0xe0, 0x9, 0xbb, 0xbb, 0xff, 0xfd,
    0xbb, 0xbf, 0xff, 0xbb, 0xbb, 0xa0, 0x0, 0x0,
    0x5, 0xff, 0x50, 0x0, 0x2, 0xff, 0x50, 0x0,
    0x0, 0x0, 0x0, 0x7f, 0xff, 0x99, 0x99, 0x99,
    0xdf, 0xf8, 0x0, 0x0, 0x0, 0x3c, 0xff, 0x6f,
    0xff, 0xff, 0xff, 0xf6, 0xef, 0xe6, 0x0, 0xb,
    0xff, 0xd3, 0x0, 0x0, 0xff, 0x0, 0x0, 0x1a,
    0xff, 0xf3, 0x6, 0xe7, 0x99, 0x99, 0x9b, 0xff,
    0x99, 0x99, 0x99, 0x5a, 0x80, 0x0, 0x2, 0xff,
    0xff, 0xff, 0xff, 0xff, 0xff, 0xff, 0x20, 0x0,
    0x0, 0x0, 0x0, 0x0, 0x7f, 0xf3, 0x6b, 0x40,
    0x0, 0x0, 0x0, 0x0, 0x0, 0x0, 0x1a, 0xff,
    0x61, 0xdf, 0xfd, 0x60, 0x0, 0x0, 0x0, 0x0,
    0x4a, 0xff, 0xe4, 0x0, 0x4, 0xbf, 0xfe, 0x60,
    0x0, 0x0, 0x1e, 0xff, 0xe7, 0x0, 0x0, 0x0,
    0x3, 0xbf, 0xf6, 0x0, 0x0, 0x4, 0x94, 0x0,
    0x0, 0x0, 0x0, 0x0, 0x5, 0x70, 0x0,

    /* U+597D "好" */
    0x0, 0x3, 0x63, 0x0, 0x0, 0x0, 0x0, 0x0,
    0x0, 0x0, 0x0, 0x0, 0x9f, 0x70, 0x0, 0x0,
    0x0, 0x0, 0x0, 0x0, 0x0, 0x0, 0xb, 0xf5,
    0x0, 0x0, 0xbf, 0xff, 0xff, 0xff, 0xfc, 0x10,
    0x0, 0xdf, 0x20, 0x0, 0xa, 0xee, 0xee, 0xee,
    0xff, 0xe1, 0x0, 0x1f, 0xf1, 0x1, 0x0, 0x0,
    0x0, 0x0, 0x3f, 0xf4, 0x4, 0xff, 0xff, 0xff,
    0xff, 0x20, 0x0, 0x0, 0x1e, 0xf7, 0x0, 0x4e,
    0xff, 0xfe, 0xef, 0xf2, 0x0, 0x0, 0x1c, 0xf9,
    0x0, 0x0, 0x9, 0xf6, 0x0, 0xdf, 0x0, 0x0,
    0xf, 0xfb, 0x0, 0x0, 0x0, 0xdf, 0x20, 0xf,
    0xd0, 0x0, 0x0, 0xff, 0x30, 0x0, 0x0, 0x1f,
    0xe0, 0x3, 0xfb, 0x12, 0x22, 0x2f, 0xf5, 0x22,
    0x21, 0x5, 0xfb, 0x0, 0x7f, 0x7d, 0xff, 0xff,
    0xff, 0xff, 0xff, 0xe0, 0xaf, 0x80, 0xb, 0xf3,
    0xbd, 0xdd, 0xdf, 0xff, 0xdd, 0xdc, 0xf, 0xff,
    0x31, 0xfe, 0x0, 0x0, 0x0, 0xef, 0x30, 0x0,
    0x0, 0x1f, 0xff, 0xff, 0x80, 0x0, 0x0, 0xe,
    0xf3, 0x0, 0x0, 0x0, 0x8, 0xff, 0xf2, 0x0,
    0x0, 0x0, 0xef, 0x30, 0x0, 0x0, 0x0, 0xf,
    0xff, 0xb0, 0x0, 0x0, 0xe, 0xf3, 0x0, 0x0,
    0x0, 0x4, 0xff, 0xff, 0xc0, 0x0, 0x0, 0xef,
    0x30, 0x0, 0x0, 0x3, 0xff, 0x74, 0xff, 0x60,
    0x0, 0xe, 0xf3, 0x0, 0x0, 0x6, 0xff, 0x90,
    0x5, 0xb0, 0x0, 0x0, 0xff, 0x30, 0x0, 0x6,
    0xff, 0xa0, 0x0, 0x0, 0x0, 0xce, 0xff, 0xf2,
    0x0, 0x0, 0xa, 0x60, 0x0, 0x0, 0x0, 0x8,
    0xff, 0xe7, 0x0, 0x0, 0x0, 0x0, 0x0, 0x0,
    0x0, 0x0, 0x0, 0x0, 0x0, 0x0, 0x0,

    /* U+59CB "始" */
    0x0, 0x3, 0x51, 0x0, 0x0, 0x0, 0x5, 0x30,
    0x0, 0x0, 0x0, 0x0, 0xb, 0xf4, 0x0, 0x0,
    0x0, 0x1f, 0xf4, 0x0, 0x0, 0x0, 0x0, 0xd,
    0xf1, 0x0, 0x0, 0x0, 0x8f, 0xc0, 0x0, 0x0,
    0x0, 0x0, 0xf, 0xf0, 0x0, 0x0, 0x1, 0xff,
    0x40, 0x2, 0x0, 0x0, 0x0, 0x2f, 0xd0, 0x10,
    0x0, 0x8, 0xfc, 0x0, 0xaf, 0x30, 0x0, 0x5f,
    0xff, 0xff, 0xff, 0x50, 0x1f, 0xf2, 0x0, 0x5f,
    0xd0, 0x0, 0x4e, 0xff, 0xfe, 0xff, 0x40, 0xaf,
    0x90, 0x0, 0xa, 0xf8, 0x0, 0x0, 0xaf, 0x30,
    0xbf, 0x36, 0xfe, 0x12, 0x34, 0x58, 0xff, 0x20,
    0x0, 0xef, 0x0, 0xdf, 0x4f, 0xff, 0xff, 0xff,
    0xff, 0xff, 0xa0, 0x1, 0xfc, 0x0, 0xff, 0xf,
    0xff, 0xed, 0xca, 0x98, 0x8f, 0xf2, 0x5, 0xf9,
    0x3, 0xfc, 0x4, 0x20, 0x0, 0x0, 0x0, 0x8,
    0x60, 0xb, 0xf5, 0x6, 0xf9, 0x0, 0x0, 0x0,
    0x0, 0x0, 0x0, 0x0, 0xf, 0xfe, 0x2b, 0xf5,
    0x2, 0xff, 0xff, 0xff, 0xff, 0xfe, 0x0, 0x1,
    0xdf, 0xff, 0xf1, 0x2, 0xff, 0xdd, 0xdd, 0xdd,
    0xfe, 0x0, 0x0, 0x8, 0xff, 0xf0, 0x2, 0xfc,
    0x0, 0x0, 0x1, 0xfe, 0x0, 0x0, 0x0, 0xff,
    0xf7, 0x2, 0xfc, 0x0, 0x0, 0x1, 0xfe, 0x0,
    0x0, 0x9, 0xff, 0xff, 0x62, 0xfc, 0x0, 0x0,
    0x1, 0xfe, 0x0, 0x0, 0x6f, 0xf4, 0x6f, 0x62,
    0xfc, 0x0, 0x0, 0x1, 0xfe, 0x0, 0x8, 0xff,
    0x80, 0x5, 0x2, 0xff, 0xff, 0xff, 0xff, 0xfe,
    0x0, 0x2f, 0xfa, 0x0, 0x0, 0x2, 0xff, 0xee,
    0xee, 0xef, 0xfe, 0x0, 0x7, 0x70, 0x0, 0x0,
    0x2, 0xfc, 0x0, 0x0, 0x1, 0xfe, 0x0, 0x0,
    0x0, 0x0, 0x0, 0x0, 0x0, 0x0, 0x0, 0x0,
    0x0, 0x0,

    /* U+5B8C "完" */
    0x0, 0x0, 0x0, 0x0, 0x1, 0x65, 0x0, 0x0,
    0x0, 0x0, 0x0, 0x0, 0x0, 0x0, 0x0, 0x7,
    0xfe, 0x10, 0x0, 0x0, 0x0, 0x0, 0x0, 0x0,
    0x0, 0x0, 0x1, 0xff, 0x80, 0x0, 0x0, 0x0,
    0x0, 0x2, 0xff, 0xff, 0xff, 0xff, 0xff, 0xff,
    0xff, 0xff, 0xff, 0x40, 0x2, 0xff, 0xff, 0xff,
    0xff, 0xff, 0xff, 0xff, 0xff, 0xff, 0x40, 0x2,
    0xfe, 0x0, 0x0, 0x0, 0x0, 0x0, 0x0, 0x0,
    0xef, 0x40, 0x2, 0xfe, 0x0, 0x0, 0x0, 0x0,
    0x0, 0x0, 0x0, 0xef, 0x40, 0x2, 0xfe, 0xc,
    0xff, 0xff, 0xff, 0xff, 0xff, 0xf0, 0xef, 0x40,
    0x0, 0x21, 0xa, 0xdd, 0xdd, 0xdd, 0xdd, 0xdd,
    0xd0, 0x12, 0x0, 0x0, 0x0, 0x0, 0x0, 0x0,
    0x0, 0x0, 0x0, 0x0, 0x0, 0x0, 0x1, 0x11,
    0x11, 0x11, 0x11, 0x11, 0x11, 0x11, 0x11, 0x11,
    0x0, 0xd, 0xff, 0xff, 0xff, 0xff, 0xff, 0xff,
    0xff, 0xff, 0xff, 0xc0, 0xb, 0xee, 0xee, 0xef,
    0xff, 0xee, 0xff, 0xfe, 0xee, 0xee, 0xb0, 0x0,
    0x0, 0x0, 0xf, 0xf2, 0x0, 0x5f, 0xc0, 0x0,
    0x0, 0x0, 0x0, 0x0, 0x0, 0x1f, 0xf0, 0x0,
    0x5f, 0xc0, 0x0, 0x0, 0x0, 0x0, 0x0, 0x0,
    0x5f, 0xd0, 0x0, 0x5f, 0xc0, 0x0, 0x0, 0x0,
    0x0, 0x0, 0x0, 0xbf, 0x90, 0x0, 0x5f, 0xc0,
    0x0, 0x8, 0x40, 0x0, 0x0, 0x6, 0xff, 0x30,
    0x0, 0x5f, 0xc0, 0x0, 0xd, 0xf1, 0x0, 0x2,
    0x9f, 0xf9, 0x0, 0x0, 0x4f, 0xd0, 0x0, 0xf,
    0xf0, 0x8, 0xcf, 0xff, 0x80, 0x0, 0x0, 0x2f,
    0xfe, 0xee, 0xff, 0xb0, 0x6, 0xff, 0xa3, 0x0,
    0x0, 0x0, 0x8, 0xef, 0xff, 0xfd, 0x20, 0x0,
    0x30, 0x0, 0x0, 0x0, 0x0, 0x0, 0x0, 0x0,
    0x0, 0x0,

    /* U+5C4F "屏" */
    0x0, 0x3f, 0xff, 0xff, 0xff, 0xff, 0xff, 0xff,
    0xff, 0xfe, 0x0, 0x3, 0xff, 0xcc, 0xcc, 0xcc,
    0xcc, 0xcc, 0xcc, 0xdf, 0xe0, 0x0, 0x3f, 0xe0,
    0x0, 0x0, 0x0, 0x0, 0x0, 0x5, 0xfe, 0x0,
    0x3, 0xff, 0xdd, 0xdd, 0xdd, 0xdd, 0xdd, 0xdd,
    0xef, 0xe0, 0x0, 0x3f, 0xff, 0xff, 0xff, 0xff,
    0xff, 0xff, 0xff, 0xfd, 0x0, 0x3, 0xfe, 0x0,
    0x1a, 0xc0, 0x0, 0x0, 0x3e, 0x90, 0x0, 0x0,
    0x3f, 0xe0, 0x0, 0xcf, 0x80, 0x0, 0xa, 0xf9,
    0x0, 0x0, 0x3, 0xfe, 0x27, 0x7a, 0xc8, 0x77,
    0x7b, 0xff, 0x87, 0x72, 0x0, 0x3f, 0xe4, 0xff,
    0xff, 0xff, 0xff, 0xff, 0xff, 0xff, 0x50, 0x3,
    0xfd, 0x14, 0x45, 0xff, 0x44, 0x46, 0xff, 0x44,
    0x41, 0x0, 0x4f, 0xc0, 0x0, 0x1f, 0xf0, 0x0,
    0x2f, 0xe0, 0x0, 0x0, 0x6, 0xfb, 0x0, 0x1,
    0xfe, 0x0, 0x2, 0xfe, 0x0, 0x0, 0x0, 0x7f,
    0x9c, 0xff, 0xff, 0xff, 0xff, 0xff, 0xff, 0xff,
    0xe0, 0xb, 0xf7, 0xac, 0xcf, 0xff, 0xcc, 0xcf,
    0xff, 0xcc, 0xcb, 0x0, 0xff, 0x30, 0x0, 0xbf,
    0x80, 0x0, 0x2f, 0xe0, 0x0, 0x0, 0x3f, 0xf0,
    0x0, 0x5f, 0xf2, 0x0, 0x2, 0xfe, 0x0, 0x0,
    0xa, 0xfb, 0x0, 0x7f, 0xf9, 0x0, 0x0, 0x2f,
    0xe0, 0x0, 0x2, 0xff, 0x40, 0xbf, 0xfa, 0x0,
    0x0, 0x2, 0xfe, 0x0, 0x0, 0x6, 0xb0, 0x2,
    0xd5, 0x0, 0x0, 0x0, 0x2f, 0xe0, 0x0, 0x0,
    0x0, 0x0, 0x0, 0x0, 0x0, 0x0, 0x0, 0x0,
    0x0, 0x0,

    /* U+5DF2 "已" */
    0x2f, 0xff, 0xff, 0xff, 0xff, 0xff, 0xff, 0xff,
    0xf3, 0x0, 0x2, 0xff, 0xff, 0xff, 0xff, 0xff,
    0xff, 0xff, 0xff, 0x30, 0x0, 0x0, 0x0, 0x0,
    0x0, 0x0, 0x0, 0x0, 0xf, 0xf3, 0x0, 0x0,
    0x4, 0x40, 0x0, 0x0, 0x0, 0x0, 0x0, 0xff,
    0x30, 0x0, 0x2, 0xff, 0x0, 0x0, 0x0, 0x0,
    0x0, 0xf, 0xf3, 0x0, 0x0, 0x2f, 0xf0, 0x0,
    0x0, 0x0, 0x0, 0x0, 0xff, 0x30, 0x0, 0x2,
    0xff, 0x0, 0x0, 0x0, 0x0, 0x0, 0xf, 0xf3,
    0x0, 0x0, 0x2f, 0xff, 0xff, 0xff, 0xff, 0xff,
    0xff, 0xff, 0x30, 0x0, 0x2, 0xff, 0xff, 0xff,
    0xff, 0xff, 0xff, 0xff, 0xf3, 0x0, 0x0, 0x2f,
    0xf1, 0x11, 0x11, 0x11, 0x11, 0x11, 0xff, 0x30,
    0x0, 0x2, 0xff, 0x0, 0x0, 0x0, 0x0, 0x0,
    0x2, 0x20, 0x0, 0x0, 0x2f, 0xf0, 0x0, 0x0,
    0x0, 0x0, 0x0, 0x0, 0x0, 0x0, 0x2, 0xff,
    0x0, 0x0, 0x0, 0x0, 0x0, 0x0, 0x1, 0x60,
    0x0, 0x2f, 0xf0, 0x0, 0x0, 0x0, 0x0, 0x0,
    0x0, 0x3f, 0xe0, 0x2, 0xff, 0x0, 0x0, 0x0,
    0x0, 0x0, 0x0, 0x5, 0xfd, 0x0, 0x1f, 0xf0,
    0x0, 0x0, 0x0, 0x0, 0x0, 0x0, 0x9f, 0xa0,
    0x0, 0xff, 0x82, 0x11, 0x11, 0x11, 0x11, 0x11,
    0x6f, 0xf6, 0x0, 0x9, 0xff, 0xff, 0xff, 0xff,
    0xff, 0xff, 0xff, 0xfd, 0x0, 0x0, 0x7, 0xce,
    0xff, 0xff, 0xff, 0xff, 0xff, 0xd9, 0x10, 0x0,

    /* U+5E55 "幕" */
    0x0, 0x0, 0x0, 0x14, 0x20, 0x0, 0x0, 0x43,
    0x0, 0x0, 0x0, 0x0, 0x0, 0x0, 0x7f, 0x80,
    0x0, 0x2, 0xfe, 0x0, 0x0, 0x0, 0x9, 0xff,
    0xff, 0xff, 0xff, 0xff, 0xff, 0xff, 0xff, 0xff,
    0xe0, 0x6, 0xbb, 0xbb, 0xff, 0xfb, 0xbb, 0xbd,
    0xff, 0xbb, 0xbb, 0x90, 0x0, 0x1, 0x55, 0xaf,
    0xa5, 0x55, 0x56, 0xee, 0x55, 0x40, 0x0, 0x0,
    0x3, 0xff, 0xff, 0xff, 0xff, 0xff, 0xff, 0xff,
    0xb0, 0x0, 0x0, 0x3, 0xfc, 0x0, 0x0, 0x0,
    0x0, 0x0, 0x4f, 0xb0, 0x0, 0x0, 0x3, 0xff,
    0xff, 0xff, 0xff, 0xff, 0xff, 0xff, 0xb0, 0x0,
    0x0, 0x3, 0xfd, 0x44, 0x44, 0x44, 0x44, 0x44,
    0x7f, 0xb0, 0x0, 0x0, 0x3, 0xfd, 0x66, 0x66,
    0x66, 0x66, 0x66, 0x8f, 0xb0, 0x0, 0x0, 0x3,
    0xff, 0xff, 0xff, 0xff, 0xff, 0xff, 0xff, 0xb0,
    0x0, 0x0, 0x11, 0x11, 0x1c, 0xf9, 0x11, 0x11,
    0x11, 0x11, 0x11, 0x10, 0xb, 0xff, 0xff, 0xff,
    0xff, 0xff, 0xff, 0xff, 0xff, 0xff, 0xf0, 0x6,
    0x99, 0x9f, 0xff, 0xb9, 0xff, 0xa9, 0xff, 0xfa,
    0x99, 0x90, 0x0, 0x2, 0xbf, 0xf3, 0x0, 0xff,
    0x20, 0x8, 0xfe, 0x50, 0x0, 0x2, 0x8f, 0xff,
    0xff, 0xff, 0xff, 0xff, 0xff, 0xff, 0xfc, 0x61,
    0xd, 0xfe, 0x9f, 0xe9, 0x99, 0xff, 0xb9, 0x9a,
    0xfc, 0xaf, 0xf2, 0x3, 0x60, 0x3f, 0xd0, 0x0,
    0xef, 0x10, 0x0, 0xfa, 0x2, 0x30, 0x0, 0x0,
    0x3f, 0xd0, 0x0, 0xef, 0x11, 0x77, 0xfa, 0x0,
    0x0, 0x0, 0x0, 0x3f, 0xd0, 0x0, 0xef, 0x10,
    0xdf, 0xe5, 0x0, 0x0, 0x0, 0x0, 0x2, 0x20,
    0x0, 0xef, 0x10, 0x0, 0x0, 0x0, 0x0,

    /* U+5EA6 "度" */
    0x0, 0x0, 0x0, 0x0, 0x0, 0x1a, 0xb0, 0x0,
    0x0, 0x0, 0x0, 0x0, 0x0, 0x0, 0x0, 0x0,
    0xe, 0xf4, 0x0, 0x0, 0x0, 0x0, 0x0, 0x1d,
    0xfb, 0xbb, 0xbb, 0xbf, 0xff, 0xbb, 0xbb, 0xbb,
    0xb1, 0x0, 0x2f, 0xff, 0xff, 0xff, 0xff, 0xff,
    0xff, 0xff, 0xff, 0xf2, 0x0, 0x2f, 0xf3, 0x33,
    0x33, 0x33, 0x33, 0x33, 0x33, 0x33, 0x30, 0x0,
    0x2f, 0xe0, 0x0, 0xc, 0xb0, 0x0, 0x9, 0xc3,
    0x0, 0x0, 0x0, 0x2f, 0xe0, 0x11, 0x2f, 0xf1,
    0x11, 0x1d, 0xf6, 0x11, 0x0, 0x0, 0x2f, 0xe6,
    0xff, 0xff, 0xff, 0xff, 0xff, 0xff, 0xff, 0xb0,
    0x0, 0x2f, 0xe3, 0x99, 0xaf, 0xf9, 0x99, 0x9f,
    0xfe, 0x99, 0x60, 0x0, 0x2f, 0xe0, 0x0, 0x1f,
    0xe0, 0x0, 0xc, 0xf4, 0x0, 0x0, 0x0, 0x3f,
    0xd0, 0x0, 0x1f, 0xfa, 0xaa, 0xae, 0xf4, 0x0,
    0x0, 0x0, 0x3f, 0xd0, 0x0, 0x1f, 0xff, 0xff,
    0xff, 0xf4, 0x0, 0x0, 0x0, 0x5f, 0xb0, 0x0,
    0x0, 0x0, 0x0, 0x0, 0x0, 0x0, 0x0, 0x0,
    0x6f, 0xa8, 0xff, 0xff, 0xff, 0xff, 0xff, 0xff,
    0xd2, 0x0, 0x0, 0x8f, 0x86, 0xbb, 0xff, 0xbb,
    0xbb, 0xbb, 0xff, 0xc0, 0x0, 0x0, 0xbf, 0x50,
    0x2, 0xef, 0x80, 0x0, 0x9, 0xfe, 0x20, 0x0,
    0x0, 0xef, 0x20, 0x0, 0x3e, 0xfc, 0x34, 0xdf,
    0xe2, 0x0, 0x0, 0x2, 0xff, 0x0, 0x0, 0x1,
    0xdf, 0xff, 0xfc, 0x10, 0x0, 0x0, 0x8, 0xfb,
    0x3, 0x58, 0xad, 0xff, 0xff, 0xff, 0xc9, 0x63,
    0x20, 0xe, 0xf5, 0x1e, 0xff, 0xff, 0xb7, 0x13,
    0x9e, 0xff, 0xff, 0xd1, 0x1, 0x80, 0x5, 0x85,
    0x20, 0x0, 0x0, 0x0, 0x26, 0x8b, 0x30,

    /* U+5F00 "开" */
    0x4, 0xff, 0xff, 0xff, 0xff, 0xff, 0xff, 0xff,
    0xff, 0xff, 0x10, 0x4e, 0xee, 0xef, 0xff, 0xee,
    0xee, 0xff, 0xff, 0xee, 0xe1, 0x0, 0x0, 0x0,
    0xef, 0x30, 0x0, 0x2, 0xff, 0x0, 0x0, 0x0,
    0x0, 0x0, 0xe, 0xf3, 0x0, 0x0, 0x2f, 0xf0,
    0x0, 0x0, 0x0, 0x0, 0x0, 0xef, 0x30, 0x0,
    0x2, 0xff, 0x0, 0x0, 0x0, 0x0, 0x0, 0xe,
    0xf3, 0x0, 0x0, 0x2f, 0xf0, 0x0, 0x0, 0x0,
    0x0, 0x0, 0xef, 0x30, 0x0, 0x2, 0xff, 0x0,
    0x0, 0x0, 0x11, 0x11, 0x1f, 0xf4, 0x11, 0x11,
    0x4f, 0xf2, 0x11, 0x11, 0x1f, 0xff, 0xff, 0xff,
    0xff, 0xff, 0xff, 0xff, 0xff, 0xff, 0xc1, 0xee,
    0xee, 0xff, 0xff, 0xee, 0xee, 0xff, 0xfe, 0xee,
    0xeb, 0x0, 0x0, 0x3, 0xff, 0x0, 0x0, 0x2,
    0xff, 0x0, 0x0, 0x0, 0x0, 0x0, 0x6f, 0xd0,
    0x0, 0x0, 0x2f, 0xf0, 0x0, 0x0, 0x0, 0x0,
    0xc, 0xf9, 0x0, 0x0, 0x2, 0xff, 0x0, 0x0,
    0x0, 0x0, 0x3, 0xff, 0x40, 0x0, 0x0, 0x2f,
    0xf0, 0x0, 0x0, 0x0, 0x0, 0xcf, 0xc0, 0x0,
    0x0, 0x2, 0xff, 0x0, 0x0, 0x0, 0x0, 0x9f,
    0xf3, 0x0, 0x0, 0x0, 0x2f, 0xf0, 0x0, 0x0,
    0x0, 0x9f, 0xf8, 0x0, 0x0, 0x0, 0x2, 0xff,
    0x0, 0x0, 0x0, 0xbf, 0xf9, 0x0, 0x0, 0x0,
    0x0, 0x2f, 0xf0, 0x0, 0x0, 0x1, 0xc6, 0x0,
    0x0, 0x0, 0x0, 0x2, 0xff, 0x0, 0x0, 0x0,
    0x0, 0x0, 0x0, 0x0, 0x0, 0x0, 0x0, 0x0,
    0x0, 0x0,

    /* U+5F53 "当" */
    0x0, 0x0, 0x0, 0x1, 0xaa, 0x10, 0x0, 0x0,
    0x0, 0x5, 0x70, 0x0, 0x2, 0xff, 0x20, 0x0,
    0xb, 0x82, 0x3f, 0xf4, 0x0, 0x2, 0xff, 0x20,
    0x0, 0x3f, 0xf3, 0x8, 0xfd, 0x0, 0x2, 0xff,
    0x20, 0x0, 0xbf, 0xb0, 0x0, 0xef, 0x60, 0x2,
    0xff, 0x20, 0x2, 0xff, 0x20, 0x0, 0x7f, 0xe0,
    0x2, 0xff, 0x20, 0xb, 0xf9, 0x0, 0x0, 0x1e,
    0x90, 0x2, 0xff, 0x20, 0x1e, 0xe1, 0x0, 0x0,
    0x0, 0x0, 0x2, 0xff, 0x20, 0x0, 0x10, 0x0,
    0x1f, 0xff, 0xff, 0xff, 0xff, 0xff, 0xff, 0xff,
    0xf4, 0x1f, 0xff, 0xff, 0xff, 0xff, 0xff, 0xff,
    0xff, 0xf4, 0x2, 0x22, 0x22, 0x22, 0x22, 0x22,
    0x22, 0x2e, 0xf4, 0x0, 0x0, 0x0, 0x0, 0x0,
    0x0, 0x0, 0xe, 0xf4, 0x0, 0x0, 0x0, 0x0,
    0x0, 0x0, 0x0, 0xf, 0xf4, 0x5, 0xff, 0xff,
    0xff, 0xff, 0xff, 0xff, 0xff, 0xf4, 0x5, 0xff,
    0xff, 0xff, 0xff, 0xff, 0xff, 0xff, 0xf4, 0x0,
    0x0, 0x0, 0x0, 0x0, 0x0, 0x0, 0xe, 0xf4,
    0x0, 0x0, 0x0, 0x0, 0x0, 0x0, 0x0, 0xe,
    0xf4, 0x1, 0x11, 0x11, 0x11, 0x11, 0x11, 0x11,
    0x1f, 0xf4, 0x8f, 0xff, 0xff, 0xff, 0xff, 0xff,
    0xff, 0xff, 0xf4, 0x8f, 0xff, 0xff, 0xff, 0xff,
    0xff, 0xff, 0xff, 0xf4, 0x0, 0x0, 0x0, 0x0,
    0x0, 0x0, 0x0, 0xe, 0xf4,

    /* U+6210 "成" */
    0x0, 0x0, 0x0, 0x0, 0x0, 0x2, 0x87, 0x3,
    0x50, 0x0, 0x0, 0x0, 0x0, 0x0, 0x0, 0x0,
    0x4, 0xfe, 0x1e, 0xfc, 0x20, 0x0, 0x0, 0x0,
    0x0, 0x0, 0x0, 0x3, 0xfe, 0x2, 0xbf, 0xf5,
    0x0, 0x0, 0x0, 0x0, 0x0, 0x0, 0x3, 0xff,
    0x0, 0x7, 0xf3, 0x0, 0x0, 0x6f, 0xff, 0xff,
    0xff, 0xff, 0xff, 0xff, 0xff, 0xff, 0xf0, 0x0,
    0x6f, 0xff, 0xff, 0xff, 0xff, 0xff, 0xff, 0xff,
    0xff, 0xf0, 0x0, 0x6f, 0xd0, 0x0, 0x0, 0x0,
    0xff, 0x10, 0x0, 0x0, 0x0, 0x0, 0x6f, 0xc0,
    0x0, 0x0, 0x0, 0xef, 0x30, 0x2, 0x10, 0x0,
    0x0, 0x6f, 0xe1, 0x11, 0x21, 0x0, 0xcf, 0x40,
    0xa, 0xf8, 0x0, 0x0, 0x6f, 0xff, 0xff, 0xff,
    0x30, 0xbf, 0x70, 0x1f, 0xf3, 0x0, 0x0, 0x6f,
    0xfd, 0xdd, 0xff, 0x20, 0x9f, 0x90, 0x7f, 0xd0,
    0x0, 0x0, 0x6f, 0xc0, 0x0, 0xdf, 0x20, 0x6f,
    0xc0, 0xef, 0x60, 0x0, 0x0, 0x7f, 0xb0, 0x0,
    0xdf, 0x20, 0x3f, 0xf8, 0xfe, 0x0, 0x0, 0x0,
    0x8f, 0xa0, 0x0, 0xef, 0x10, 0xf, 0xff, 0xf5,
    0x0, 0x0, 0x0, 0x9f, 0x80, 0x0, 0xff, 0x0,
    0xc, 0xff, 0xb0, 0x0, 0x0, 0x0, 0xbf, 0x62,
    0x25, 0xfe, 0x0, 0xf, 0xff, 0x10, 0x9, 0x80,
    0x0, 0xef, 0x4b, 0xff, 0xfb, 0x0, 0x9f, 0xff,
    0x30, 0xb, 0xf2, 0x3, 0xff, 0x5, 0xbb, 0x91,
    0xa, 0xff, 0xff, 0xb0, 0xd, 0xf0, 0x8, 0xfc,
    0x0, 0x0, 0x3, 0xdf, 0xf6, 0x2f, 0xf9, 0x4f,
    0xc0, 0x1f, 0xf6, 0x0, 0x0, 0x3f, 0xff, 0x40,
    0x7, 0xff, 0xff, 0x80, 0x8, 0xe0, 0x0, 0x0,
    0x6, 0xb2, 0x0, 0x0, 0x6d, 0xfb, 0x0, 0x0,
    0x10, 0x0, 0x0, 0x0, 0x0, 0x0, 0x0, 0x0,
    0x0, 0x0,

    /* U+6216 "或" */
    0x0, 0x0, 0x0, 0x0, 0x0, 0x27, 0x60, 0x4,
    0x0, 0x0, 0x0, 0x0, 0x0, 0x0, 0x0, 0x4,
    0xff, 0x8, 0xfd, 0x40, 0x0, 0x0, 0x0, 0x0,
    0x0, 0x0, 0x3f, 0xf0, 0x19, 0xff, 0x80, 0x1,
    0x11, 0x11, 0x11, 0x11, 0x14, 0xff, 0x11, 0x15,
    0xf5, 0x0, 0xdf, 0xff, 0xff, 0xff, 0xff, 0xff,
    0xff, 0xff, 0xff, 0xf8, 0xd, 0xff, 0xff, 0xff,
    0xff, 0xff, 0xff, 0xff, 0xff, 0xff, 0x70, 0x0,
    0x0, 0x0, 0x0, 0x0, 0xf, 0xf3, 0x0, 0x0,
    0x0, 0x0, 0x7a, 0xaa, 0xaa, 0xaa, 0x0, 0xef,
    0x40, 0x8, 0xc5, 0x0, 0xb, 0xff, 0xff, 0xff,
    0xf1, 0xc, 0xf6, 0x0, 0xef, 0x50, 0x0, 0xbf,
    0x52, 0x22, 0xef, 0x10, 0xbf, 0x80, 0x4f, 0xf0,
    0x0, 0xb, 0xf3, 0x0, 0xe, 0xf1, 0x9, 0xfa,
    0xb, 0xf9, 0x0, 0x0, 0xbf, 0x30, 0x0, 0xef,
    0x10, 0x6f, 0xd3, 0xff, 0x20, 0x0, 0xb, 0xf5,
    0x22, 0x2e, 0xf1, 0x3, 0xff, 0xcf, 0xa0, 0x0,
    0x0, 0xbf, 0xff, 0xff, 0xff, 0x10, 0xf, 0xff,
    0xf2, 0x0, 0x0, 0x6, 0xaa, 0xaa, 0xaa, 0xa0,
    0x0, 0xef, 0xf7, 0x0, 0x0, 0x0, 0x0, 0x0,
    0x0, 0x2, 0x30, 0xf, 0xff, 0x0, 0xa, 0x30,
    0x0, 0x2, 0x58, 0xbe, 0xfd, 0xb, 0xff, 0xf3,
    0x0, 0xef, 0x8, 0xcf, 0xff, 0xff, 0xfd, 0xab,
    0xff, 0xff, 0xb0, 0xf, 0xd0, 0xcf, 0xff, 0xb8,
    0x41, 0x3d, 0xff, 0x43, 0xff, 0x97, 0xfa, 0x5,
    0x62, 0x0, 0x0, 0x3f, 0xfe, 0x30, 0x8, 0xff,
    0xff, 0x50, 0x0, 0x0, 0x0, 0x0, 0x7b, 0x10,
    0x0, 0x7, 0xef, 0x90, 0x0, 0x0, 0x0, 0x0,
    0x0, 0x0, 0x0, 0x0, 0x0, 0x0, 0x0,

    /* U+62E9 "择" */
    0x0, 0x0, 0x54, 0x0, 0x0, 0x0, 0x0, 0x0,
    0x0, 0x0, 0x0, 0x0, 0x1, 0xfe, 0x0, 0x0,
    0x0, 0x0, 0x0, 0x0, 0x0, 0x0, 0x0, 0x1,
    0xfe, 0x0, 0xf, 0xff, 0xff, 0xff, 0xff, 0xfe,
    0x30, 0x0, 0x1, 0xfe, 0x0, 0xd, 0xff, 0xfd,
    0xdd, 0xdf, 0xfe, 0x10, 0x0, 0x12, 0xff, 0x11,
    0x0, 0x1e, 0xe2, 0x0, 0x3f, 0xf5, 0x0, 0xd,
    0xff, 0xff, 0xff, 0x60, 0x4, 0xfe, 0x24, 0xff,
    0x70, 0x0, 0xb, 0xef, 0xff, 0xee, 0x50, 0x0,
    0x6f, 0xff, 0xf7, 0x0, 0x0, 0x0, 0x1, 0xfe,
    0x0, 0x0, 0x0, 0x6f, 0xff, 0xf3, 0x0, 0x0,
    0x0, 0x1, 0xfe, 0x0, 0x2, 0x8e, 0xff, 0xcd,
    0xff, 0xc6, 0x10, 0x0, 0x1, 0xfe, 0x0, 0xaf,
    0xff, 0xa2, 0x0, 0x6d, 0xff, 0xf9, 0x0, 0x1,
    0xff, 0x8c, 0x8c, 0x61, 0x2, 0xed, 0x0, 0x49,
    0xd1, 0x2, 0x6c, 0xff, 0xff, 0x50, 0x0, 0x3,
    0xff, 0x0, 0x0, 0x0, 0xf, 0xff, 0xff, 0x72,
    0x7, 0xff, 0xff, 0xff, 0xff, 0xff, 0x0, 0xa,
    0xa7, 0xfe, 0x0, 0x6, 0xdd, 0xdf, 0xff, 0xdd,
    0xdd, 0x0, 0x0, 0x1, 0xfe, 0x0, 0x0, 0x0,
    0x2, 0xfe, 0x0, 0x0, 0x0, 0x0, 0x1, 0xfe,
    0x0, 0x6a, 0xaa, 0xad, 0xff, 0xaa, 0xaa, 0xa5,
    0x0, 0x1, 0xfe, 0x0, 0x9f, 0xff, 0xff, 0xff,
    0xff, 0xff, 0xf7, 0x0, 0x1, 0xfe, 0x0, 0x12,
    0x22, 0x25, 0xff, 0x22, 0x22, 0x21, 0x0, 0x2,
    0xfe, 0x0, 0x0, 0x0, 0x2, 0xfe, 0x0, 0x0,
    0x0, 0x3, 0xef, 0xfc, 0x0, 0x0, 0x0, 0x2,
    0xfe, 0x0, 0x0, 0x0, 0x0, 0xff, 0xd4, 0x0,
    0x0, 0x0, 0x2, 0xfe, 0x0, 0x0, 0x0, 0x0,
    0x0, 0x0, 0x0, 0x0, 0x0, 0x0, 0x11, 0x0,
    0x0, 0x0,

    /* U+6301 "持" */
    0x0, 0x1, 0x86, 0x0, 0x0, 0x0, 0x0, 0x76,
    0x0, 0x0, 0x0, 0x0, 0x3, 0xfb, 0x0, 0x0,
    0x0, 0x1, 0xfe, 0x0, 0x0, 0x0, 0x0, 0x3,
    0xfb, 0x0, 0x0, 0x0, 0x1, 0xfe, 0x0, 0x0,
    0x0, 0x0, 0x3, 0xfb, 0x0, 0x8, 0xbb, 0xbd,
    0xff, 0xbb, 0xbb, 0x50, 0x0, 0x4, 0xfc, 0x0,
    0xb, 0xff, 0xff, 0xff, 0xff, 0xff, 0x80, 0xe,
    0xff, 0xff, 0xfd, 0x2, 0x33, 0x35, 0xff, 0x33,
    0x33, 0x10, 0xc, 0xef, 0xff, 0xeb, 0x0, 0x0,
    0x1, 0xfe, 0x0, 0x0, 0x0, 0x0, 0x3, 0xfb,
    0x0, 0x56, 0x66, 0x68, 0xff, 0x66, 0x66, 0x61,
    0x0, 0x3, 0xfb, 0x0, 0xcf, 0xff, 0xff, 0xff,
    0xff, 0xff, 0xf3, 0x0, 0x3, 0xfb, 0x0, 0x46,
    0x66, 0x66, 0x66, 0x9f, 0xf6, 0x61, 0x0, 0x3,
    0xff, 0xcc, 0x0, 0x0, 0x0, 0x0, 0x3f, 0xc0,
    0x0, 0x6, 0xaf, 0xff, 0xfb, 0x9c, 0xcc, 0xcc,
    0xcc, 0xff, 0xfc, 0xc0, 0x1f, 0xff, 0xff, 0x10,
    0xdf, 0xff, 0xff, 0xff, 0xff, 0xff, 0xf1, 0x8,
    0x54, 0xfb, 0x0, 0x22, 0x26, 0x22, 0x22, 0x6f,
    0xf2, 0x20, 0x0, 0x3, 0xfb, 0x0, 0x0, 0xcf,
    0x30, 0x0, 0x3f, 0xc0, 0x0, 0x0, 0x3, 0xfb,
    0x0, 0x0, 0x7f, 0xd0, 0x0, 0x3f, 0xc0, 0x0,
    0x0, 0x3, 0xfb, 0x0, 0x0, 0xd, 0xf7, 0x0,
    0x3f, 0xc0, 0x0, 0x0, 0x3, 0xfb, 0x0, 0x0,
    0x4, 0xfd, 0x0, 0x3f, 0xc0, 0x0, 0x0, 0x3,
    0xfb, 0x0, 0x0, 0x0, 0x81, 0x0, 0x3f, 0xc0,
    0x0, 0x5, 0xff, 0xf9, 0x0, 0x0, 0x0, 0x1,
    0xee, 0xff, 0xb0, 0x0, 0x1, 0xfe, 0xb1, 0x0,
    0x0, 0x0, 0x0, 0xcf, 0xfc, 0x30, 0x0, 0x0,
    0x0, 0x0, 0x0, 0x0, 0x0, 0x0, 0x0, 0x0,
    0x0, 0x0,

    /* U+6309 "按" */
    0x0, 0x0, 0x55, 0x0, 0x0, 0x0, 0x3, 0x62,
    0x0, 0x0, 0x0, 0x0, 0x1, 0xfe, 0x0, 0x0,
    0x0, 0xb, 0xf8, 0x0, 0x0, 0x0, 0x0, 0x1,
    0xfe, 0x0, 0x0, 0x0, 0x6, 0xfd, 0x0, 0x0,
    0x0, 0x0, 0x1, 0xfe, 0x0, 0x3a, 0xaa, 0xac,
    0xff, 0xba, 0xaa, 0xa0, 0x0, 0x2, 0xff, 0x0,
    0x5f, 0xff, 0xff, 0xff, 0xff, 0xff, 0xf1, 0xe,
    0xff, 0xff, 0xff, 0x8f, 0xa2, 0x22, 0x22, 0x22,
    0x2e, 0xf1, 0xd, 0xef, 0xff, 0xee, 0x7f, 0x90,
    0x4f, 0xc0, 0x0, 0xe, 0xf1, 0x0, 0x1, 0xfe,
    0x0, 0x39, 0x50, 0x9f, 0x90, 0x0, 0x8, 0x90,
    0x0, 0x1, 0xfe, 0x0, 0x0, 0x0, 0xef, 0x40,
    0x0, 0x0, 0x0, 0x0, 0x1, 0xfe, 0x0, 0xff,
    0xff, 0xff, 0xff, 0xff, 0xff, 0xf6, 0x0, 0x1,
    0xfe, 0x3, 0xfe, 0xef, 0xff, 0xee, 0xef, 0xff,
    0xe5, 0x0, 0x2, 0xff, 0xef, 0x60, 0x2f, 0xf1,
    0x0, 0x3f, 0xf1, 0x0, 0x7, 0xcf, 0xff, 0xfd,
    0x40, 0xaf, 0xa0, 0x0, 0x6f, 0xd0, 0x0, 0xf,
    0xff, 0xff, 0x20, 0x2, 0xff, 0x30, 0x0, 0xdf,
    0x80, 0x0, 0x8, 0x63, 0xfe, 0x0, 0xd, 0xff,
    0xd5, 0x4, 0xff, 0x10, 0x0, 0x0, 0x1, 0xfe,
    0x0, 0x0, 0x5e, 0xff, 0xdf, 0xf8, 0x0, 0x0,
    0x0, 0x1, 0xfe, 0x0, 0x0, 0x0, 0x5f, 0xff,
    0xf2, 0x0, 0x0, 0x0, 0x1, 0xfe, 0x0, 0x0,
    0x0, 0x5f, 0xff, 0xff, 0x70, 0x0, 0x0, 0x1,
    0xfe, 0x0, 0x2, 0x7d, 0xff, 0xb3, 0xbf, 0xfc,
    0x20, 0x6, 0xde, 0xfd, 0x0, 0xbf, 0xff, 0xd5,
    0x0, 0x5, 0xef, 0xf1, 0x2, 0xff, 0xc3, 0x0,
    0x3e, 0x94, 0x0, 0x0, 0x0, 0x1c, 0x50, 0x0,
    0x0, 0x0, 0x0, 0x0, 0x0, 0x0, 0x0, 0x0,
    0x0, 0x0,

    /* U+632F "振" */
    0x0, 0x6, 0x92, 0x0, 0x0, 0x0, 0x0, 0x0,
    0x0, 0x0, 0x0, 0x0, 0xc, 0xf4, 0x0, 0x0,
    0x0, 0x0, 0x0, 0x0, 0x0, 0x0, 0x0, 0xc,
    0xf4, 0x0, 0x7f, 0xff, 0xff, 0xff, 0xff, 0xff,
    0x70, 0x0, 0xc, 0xf4, 0x0, 0x7f, 0xfe, 0xee,
    0xee, 0xee, 0xee, 0x60, 0x2, 0x2e, 0xf7, 0x20,
    0x7f, 0x90, 0x0, 0x0, 0x0, 0x0, 0x0, 0x2f,
    0xff, 0xff, 0xf6, 0x7f, 0x95, 0xff, 0xff, 0xff,
    0xfe, 0x0, 0x1b, 0xbf, 0xff, 0xb4, 0x7f, 0x94,
    0xdd, 0xdd, 0xdd, 0xdc, 0x0, 0x0, 0xc, 0xf4,
    0x0, 0x7f, 0x90, 0x0, 0x0, 0x0, 0x0, 0x0,
    0x0, 0xc, 0xf4, 0x0, 0x7f, 0xc4, 0x44, 0x44,
    0x44, 0x44, 0x30, 0x0, 0xc, 0xf4, 0x0, 0x7f,
    0xff, 0xff, 0xff, 0xff, 0xff, 0xf0, 0x0, 0xc,
    0xfa, 0xa6, 0x7f, 0xf9, 0xff, 0x8f, 0xf8, 0x88,
    0x80, 0x4, 0x8f, 0xff, 0xf9, 0x7f, 0x81, 0xfe,
    0xb, 0xd0, 0x7, 0x0, 0x6f, 0xff, 0xff, 0x51,
    0x7f, 0x81, 0xfe, 0x7, 0xf2, 0x9f, 0xa0, 0x3e,
    0x9f, 0xf4, 0x0, 0x8f, 0x71, 0xfe, 0x3, 0xff,
    0xfc, 0x10, 0x0, 0xc, 0xf4, 0x0, 0xaf, 0x51,
    0xfe, 0x0, 0xff, 0x90, 0x0, 0x0, 0xc, 0xf4,
    0x0, 0xbf, 0x41, 0xfe, 0x0, 0x8f, 0x60, 0x0,
    0x0, 0xc, 0xf4, 0x0, 0xef, 0x11, 0xfe, 0x0,
    0x2f, 0xe1, 0x0, 0x0, 0xc, 0xf4, 0x2, 0xfe,
    0x1, 0xfe, 0x17, 0x89, 0xfb, 0x0, 0x0, 0xc,
    0xf4, 0x7, 0xfa, 0x3, 0xff, 0xff, 0xb1, 0xef,
    0xb0, 0x7, 0xef, 0xf3, 0xe, 0xf6, 0xc, 0xff,
    0xd6, 0x0, 0x4f, 0xb0, 0x3, 0xfe, 0x80, 0x7,
    0xd0, 0x5, 0xf5, 0x0, 0x0, 0x4, 0x10, 0x0,
    0x0, 0x0, 0x0, 0x0, 0x0, 0x0, 0x0, 0x0,
    0x0, 0x0,

    /* U+65B0 "新" */
    0x0, 0x0, 0x3, 0x30, 0x0, 0x0, 0x0, 0x0,
    0x0, 0x0, 0x0, 0x0, 0x0, 0x4f, 0xd0, 0x0,
    0x0, 0x0, 0x0, 0x38, 0xe8, 0x0, 0x1, 0x11,
    0x1e, 0xf6, 0x11, 0x10, 0x7b, 0xbf, 0xff, 0xfd,
    0x30, 0xb, 0xff, 0xff, 0xff, 0xff, 0xf1, 0xff,
    0xfd, 0xa6, 0x20, 0x0, 0x7, 0x9c, 0xb9, 0x99,
    0xea, 0x90, 0xff, 0x10, 0x0, 0x0, 0x0, 0x0,
    0x3f, 0x90, 0x3, 0xfc, 0x0, 0xef, 0x10, 0x0,
    0x0, 0x0, 0x0, 0xe, 0xe0, 0x8, 0xf6, 0x0,
    0xef, 0x10, 0x0, 0x0, 0x0, 0x2, 0x2c, 0xd2,
    0x2f, 0xf2, 0x20, 0xef, 0x10, 0x0, 0x0, 0x0,
    0x1f, 0xff, 0xff, 0xff, 0xff, 0xf6, 0xef, 0xff,
    0xff, 0xff, 0xf2, 0x9, 0x99, 0x9f, 0xfc, 0x99,
    0x94, 0xef, 0xff, 0xff, 0xff, 0xf2, 0x0, 0x0,
    0xa, 0xf3, 0x0, 0x0, 0xef, 0x0, 0x1f, 0xe0,
    0x0, 0xb, 0xbb, 0xbf, 0xfe, 0xbb, 0xb1, 0xef,
    0x0, 0x1f, 0xe0, 0x0, 0xf, 0xff, 0xff, 0xff,
    0xff, 0xf1, 0xff, 0x0, 0x1f, 0xe0, 0x0, 0x0,
    0x0, 0xb, 0xf3, 0x12, 0x0, 0xfe, 0x0, 0x1f,
    0xe0, 0x0, 0x0, 0x7e, 0x3a, 0xf3, 0xda, 0x1,
    0xfd, 0x0, 0x1f, 0xe0, 0x0, 0x0, 0xde, 0xa,
    0xf3, 0xaf, 0x33, 0xfb, 0x0, 0x1f, 0xe0, 0x0,
    0x6, 0xf9, 0xa, 0xf3, 0x2f, 0xa6, 0xf8, 0x0,
    0x1f, 0xe0, 0x0, 0x1e, 0xf1, 0xa, 0xf3, 0xb,
    0xca, 0xf4, 0x0, 0x1f, 0xe0, 0x0, 0x6, 0x70,
    0xa, 0xf2, 0x2, 0x1f, 0xf0, 0x0, 0x1f, 0xe0,
    0x0, 0x0, 0x5, 0xbf, 0xf2, 0x0, 0x8f, 0x90,
    0x0, 0x1f, 0xe0, 0x0, 0x0, 0x2, 0xfe, 0x80,
    0x0, 0x2b, 0x20, 0x0, 0x1f, 0xe0, 0x0,

    /* U+6682 "暂" */
    0x0, 0x1, 0x51, 0x0, 0x0, 0x0, 0x0, 0x0,
    0x0, 0x10, 0x11, 0x1a, 0xfc, 0x11, 0x11, 0x0,
    0x23, 0x68, 0xbe, 0xe0, 0xef, 0xff, 0xff, 0xff,
    0xff, 0x6f, 0xff, 0xff, 0xfd, 0x92, 0x78, 0xff,
    0xe8, 0x88, 0x88, 0x3c, 0xf8, 0x42, 0x0, 0x0,
    0x7, 0xf9, 0xb, 0xf2, 0x0, 0xa, 0xf3, 0x0,
    0x0, 0x0, 0x7f, 0xf9, 0x9f, 0xfc, 0x99, 0x4c,
    0xff, 0xcd, 0xed, 0xcc, 0x9f, 0xff, 0xff, 0xff,
    0xff, 0x7d, 0xff, 0xef, 0xff, 0xee, 0x12, 0x10,
    0xc, 0xf3, 0x0, 0xd, 0xf0, 0x6, 0xf8, 0x0,
    0x1, 0x24, 0x5f, 0xfc, 0xbc, 0x4f, 0xe0, 0x6,
    0xf8, 0x0, 0xdf, 0xff, 0xff, 0xff, 0xdb, 0x8f,
    0xa0, 0x6, 0xf8, 0x0, 0x89, 0x76, 0x4e, 0xf3,
    0x0, 0xdf, 0x40, 0x6, 0xf8, 0x0, 0x0, 0x0,
    0xb, 0xf2, 0x0, 0x6b, 0x0, 0x5, 0xf7, 0x0,
    0x0, 0x28, 0x88, 0x88, 0x88, 0x88, 0x88, 0x88,
    0x82, 0x0, 0x0, 0x4f, 0xff, 0xff, 0xff, 0xff,
    0xff, 0xff, 0xf5, 0x0, 0x0, 0x4f, 0xb0, 0x0,
    0x0, 0x0, 0x0, 0xc, 0xf5, 0x0, 0x0, 0x4f,
    0xf7, 0x77, 0x77, 0x77, 0x77, 0x7f, 0xf5, 0x0,
    0x0, 0x4f, 0xff, 0xff, 0xff, 0xff, 0xff, 0xff,
    0xf5, 0x0, 0x0, 0x4f, 0xb0, 0x0, 0x0, 0x0,
    0x0, 0xc, 0xf5, 0x0, 0x0, 0x4f, 0xf9, 0x99,
    0x99, 0x99, 0x99, 0x9f, 0xf5, 0x0, 0x0, 0x4f,
    0xff, 0xff, 0xff, 0xff, 0xff, 0xff, 0xf5, 0x0,
    0x0, 0x4f, 0xb0, 0x0, 0x0, 0x0, 0x0, 0xc,
    0xf5, 0x0, 0x0, 0x0, 0x0, 0x0, 0x0, 0x0,
    0x0, 0x0, 0x0, 0x0,

    /* U+6700 "最" */
    0x0, 0x1f, 0xff, 0xff, 0xff, 0xff, 0xff, 0xff,
    0xf2, 0x0, 0x0, 0x1, 0xff, 0x77, 0x77, 0x77,
    0x77, 0x77, 0xff, 0x30, 0x0, 0x0, 0x1f, 0xf3,
    0x33, 0x33, 0x33, 0x33, 0x3e, 0xf3, 0x0, 0x0,
    0x1, 0xff, 0xff, 0xff, 0xff, 0xff, 0xff, 0xff,
    0x30, 0x0, 0x0, 0x1f, 0xe2, 0x22, 0x22, 0x22,
    0x22, 0x2e, 0xf3, 0x0, 0x0, 0x1, 0xff, 0x77,
    0x77, 0x77, 0x77, 0x77, 0xff, 0x30, 0x0, 0x0,
    0x1f, 0xff, 0xff, 0xff, 0xff, 0xff, 0xff, 0xf2,
    0x0, 0x2, 0x22, 0x22, 0x22, 0x22, 0x22, 0x22,
    0x22, 0x22, 0x22, 0x20, 0xdf, 0xff, 0xff, 0xff,
    0xff, 0xff, 0xff, 0xff, 0xff, 0xff, 0x45, 0x6f,
    0xf8, 0x66, 0x9f, 0xf6, 0x66, 0x66, 0x66, 0x66,
    0x61, 0x0, 0xcf, 0x97, 0x7a, 0xfd, 0x69, 0x99,
    0x99, 0x9c, 0x82, 0x0, 0xc, 0xff, 0xff, 0xff,
    0xdb, 0xff, 0xff, 0xff, 0xff, 0x70, 0x0, 0xcf,
    0x20, 0x3, 0xfd, 0x7, 0xf6, 0x11, 0x3f, 0xf1,
    0x0, 0xc, 0xf9, 0x77, 0xaf, 0xd0, 0x1f, 0xd0,
    0xb, 0xfa, 0x0, 0x0, 0xcf, 0xff, 0xff, 0xfd,
    0x0, 0x8f, 0x97, 0xff, 0x10, 0x0, 0xc, 0xf1,
    0x0, 0x2f, 0xe2, 0x0, 0xcf, 0xff, 0x50, 0x0,
    0x23, 0xff, 0xaa, 0xbf, 0xff, 0xf0, 0x9, 0xff,
    0xf2, 0x0, 0xd, 0xff, 0xff, 0xff, 0xff, 0xf8,
    0x4c, 0xff, 0xff, 0xf9, 0x30, 0x8a, 0x86, 0x42,
    0x2, 0xfd, 0x9f, 0xfd, 0x31, 0xaf, 0xff, 0x50,
    0x0, 0x0, 0x0, 0x2f, 0xd1, 0xc6, 0x0, 0x0,
    0x29, 0x80,

    /* U+672A "未" */
    0x0, 0x0, 0x0, 0x0, 0x1, 0x99, 0x0, 0x0,
    0x0, 0x0, 0x0, 0x0, 0x0, 0x0, 0x0, 0x2,
    0xff, 0x10, 0x0, 0x0, 0x0, 0x0, 0x0, 0x0,
    0x0, 0x0, 0x2, 0xff, 0x10, 0x0, 0x0, 0x0,
    0x0, 0x0, 0x1, 0x11, 0x11, 0x13, 0xff, 0x21,
    0x11, 0x11, 0x10, 0x0, 0x0, 0x2f, 0xff, 0xff,
    0xff, 0xff, 0xff, 0xff, 0xff, 0xf4, 0x0, 0x0,
    0x1f, 0xff, 0xff, 0xff, 0xff, 0xff, 0xff, 0xff,
    0xf3, 0x0, 0x0, 0x0, 0x0, 0x0, 0x2, 0xff,
    0x10, 0x0, 0x0, 0x0, 0x0, 0x0, 0x0, 0x0,
    0x0, 0x2, 0xff, 0x10, 0x0, 0x0, 0x0, 0x0,
    0x0, 0x0, 0x0, 0x0, 0x2, 0xff, 0x10, 0x0,
    0x0, 0x0, 0x0, 0xa, 0xee, 0xee, 0xee, 0xef,
    0xff, 0xfe, 0xee, 0xee, 0xee, 0xb0, 0xb, 0xff,
    0xff, 0xff, 0xff, 0xff, 0xff, 0xff, 0xff, 0xff,
    0xd0, 0x2, 0x33, 0x33, 0x33, 0x9f, 0xff, 0xf9,
    0x33, 0x33, 0x33, 0x20, 0x0, 0x0, 0x0, 0x4,
    0xff, 0xff, 0xff, 0x30, 0x0, 0x0, 0x0, 0x0,
    0x0, 0x0, 0x3f, 0xfa, 0xff, 0x8f, 0xf3, 0x0,
    0x0, 0x0, 0x0, 0x0, 0x4, 0xff, 0xa2, 0xff,
    0x19, 0xff, 0x40, 0x0, 0x0, 0x0, 0x0, 0x7f,
    0xfb, 0x2, 0xff, 0x10, 0xbf, 0xf7, 0x0, 0x0,
    0x0, 0x1b, 0xff, 0xa0, 0x2, 0xff, 0x10, 0xa,
    0xff, 0xa1, 0x0, 0x8, 0xff, 0xf8, 0x0, 0x2,
    0xff, 0x10, 0x0, 0x8f, 0xff, 0x70, 0x1d, 0xfe,
    0x50, 0x0, 0x2, 0xff, 0x10, 0x0, 0x5, 0xff,
    0xd1, 0x2, 0x91, 0x0, 0x0, 0x2, 0xff, 0x10,
    0x0, 0x0, 0x1a, 0x20, 0x0, 0x0, 0x0, 0x0,
    0x2, 0xff, 0x10, 0x0, 0x0, 0x0, 0x0,

    /* U+675F "束" */
    0x0, 0x0, 0x0, 0x0, 0x0, 0x55, 0x0, 0x0,
    0x0, 0x0, 0x0, 0x0, 0x0, 0x0, 0x0, 0x2,
    0xff, 0x0, 0x0, 0x0, 0x0, 0x0, 0x0, 0x22,
    0x22, 0x22, 0x24, 0xff, 0x22, 0x22, 0x22, 0x22,
    0x0, 0x6, 0xff, 0xff, 0xff, 0xff, 0xff, 0xff,
    0xff, 0xff, 0xff, 0x60, 0x5, 0xcc, 0xcc, 0xcc,
    0xcf, 0xff, 0xdc, 0xcc, 0xcc, 0xcc, 0x50, 0x0,
    0x0, 0x0, 0x0, 0x2, 0xff, 0x0, 0x0, 0x0,
    0x0, 0x0, 0x0, 0x1, 0x11, 0x11, 0x13, 0xff,
    0x11, 0x11, 0x11, 0x10, 0x0, 0x0, 0xe, 0xff,
    0xff, 0xff, 0xff, 0xff, 0xff, 0xff, 0xf0, 0x0,
    0x0, 0xe, 0xfc, 0xcc, 0xce, 0xff, 0xcc, 0xcc,
    0xcf, 0xf0, 0x0, 0x0, 0xe, 0xf1, 0x0, 0x2,
    0xff, 0x0, 0x0, 0x2f, 0xf0, 0x0, 0x0, 0xe,
    0xf1, 0x0, 0x2, 0xff, 0x0, 0x0, 0x2f, 0xf0,
    0x0, 0x0, 0xe, 0xfb, 0xbb, 0xbe, 0xff, 0xcb,
    0xbb, 0xcf, 0xf0, 0x0, 0x0, 0xe, 0xff, 0xff,
    0xff, 0xff, 0xff, 0xff, 0xff, 0xf0, 0x0, 0x0,
    0x2, 0x22, 0x22, 0xbf, 0xff, 0xfa, 0x22, 0x22,
    0x20, 0x0, 0x0, 0x0, 0x0, 0xa, 0xff, 0xff,
    0xff, 0x80, 0x0, 0x0, 0x0, 0x0, 0x0, 0x1,
    0xcf, 0xe6, 0xff, 0x4f, 0xfb, 0x10, 0x0, 0x0,
    0x0, 0x0, 0x6e, 0xfe, 0x22, 0xff, 0x3, 0xef,
    0xe5, 0x0, 0x0, 0x0, 0x4c, 0xff, 0xc2, 0x2,
    0xff, 0x0, 0x1c, 0xff, 0xc4, 0x0, 0xc, 0xff,
    0xf7, 0x0, 0x2, 0xff, 0x0, 0x0, 0x8f, 0xff,
    0xd0, 0x6, 0xfa, 0x20, 0x0, 0x2, 0xff, 0x0,
    0x0, 0x3, 0xbf, 0x60, 0x0, 0x20, 0x0, 0x0,
    0x2, 0xff, 0x0, 0x0, 0x0, 0x3, 0x0,

    /* U+683C "格" */
    0x0, 0x0, 0x89, 0x0, 0x0, 0x0, 0x55, 0x0,
    0x0, 0x0, 0x0, 0x0, 0x0, 0xef, 0x10, 0x0,
    0x0, 0xef, 0x30, 0x0, 0x0, 0x0, 0x0, 0x0,
    0xef, 0x10, 0x0, 0x7, 0xff, 0x33, 0x35, 0x10,
    0x0, 0x0, 0x0, 0xef, 0x10, 0x0, 0x1f, 0xff,
    0xff, 0xff, 0xf3, 0x0, 0x0, 0x0, 0xef, 0x10,
    0x0, 0xcf, 0xf9, 0x99, 0xbf, 0xe0, 0x0, 0xe,
    0xee, 0xff, 0xfe, 0xb8, 0xff, 0xe0, 0x0, 0xaf,
    0x80, 0x0, 0xf, 0xff, 0xff, 0xff, 0xff, 0xfe,
    0xf8, 0x4, 0xfe, 0x10, 0x0, 0x0, 0x3, 0xff,
    0x10, 0xbf, 0x71, 0xef, 0x6e, 0xf6, 0x0, 0x0,
    0x0, 0x7, 0xff, 0xb0, 0x4, 0x0, 0x4f, 0xff,
    0xa0, 0x0, 0x0, 0x0, 0xd, 0xff, 0xf7, 0x0,
    0x0, 0x2f, 0xff, 0x70, 0x0, 0x0, 0x0, 0x2f,
    0xff, 0xdf, 0x30, 0x6, 0xff, 0xff, 0xfb, 0x20,
    0x0, 0x0, 0x9f, 0xff, 0x4f, 0x83, 0xcf, 0xf9,
    0x5, 0xef, 0xf9, 0x30, 0x1, 0xfa, 0xef, 0x1a,
    0xdf, 0xff, 0x61, 0x11, 0x2c, 0xff, 0xd0, 0x8,
    0xf3, 0xef, 0x11, 0xee, 0xff, 0xff, 0xff, 0xff,
    0xfd, 0x20, 0x2f, 0xc0, 0xef, 0x10, 0x20, 0xff,
    0xbb, 0xbb, 0xbe, 0xf3, 0x0, 0x4f, 0x40, 0xef,
    0x10, 0x0, 0xff, 0x0, 0x0, 0xc, 0xf3, 0x0,
    0x7, 0x0, 0xef, 0x10, 0x0, 0xff, 0x0, 0x0,
    0xc, 0xf3, 0x0, 0x0, 0x0, 0xef, 0x10, 0x0,
    0xff, 0x0, 0x0, 0xc, 0xf3, 0x0, 0x0, 0x0,
    0xef, 0x10, 0x0, 0xff, 0xdd, 0xdd, 0xdf, 0xf3,
    0x0, 0x0, 0x0, 0xef, 0x10, 0x0, 0xff, 0xff,
    0xff, 0xff, 0xf3, 0x0, 0x0, 0x0, 0xdf, 0x10,
    0x0, 0xff, 0x0, 0x0, 0xc, 0xf3, 0x0,

    /* U+684C "桌" */
    0x0, 0x0, 0x0, 0x0, 0x2, 0x75, 0x0, 0x0,
    0x0, 0x0, 0x0, 0x0, 0x0, 0x0, 0x0, 0x6,
    0xfc, 0x0, 0x0, 0x0, 0x0, 0x0, 0x0, 0x0,
    0x0, 0x0, 0x6, 0xff, 0xff, 0xff, 0xff, 0xfb,
    0x0, 0x0, 0x0, 0x0, 0x0, 0x6, 0xff, 0xaa,
    0xaa, 0xaa, 0xa7, 0x0, 0x0, 0x0, 0x0, 0x0,
    0x6, 0xfc, 0x0, 0x0, 0x0, 0x0, 0x0, 0x0,
    0xc, 0xff, 0xff, 0xff, 0xff, 0xff, 0xff, 0xff,
    0x30, 0x0, 0x0, 0xc, 0xfa, 0x88, 0x88, 0x88,
    0x88, 0x88, 0xff, 0x30, 0x0, 0x0, 0xc, 0xf7,
    0x33, 0x33, 0x33, 0x33, 0x33, 0xff, 0x30, 0x0,
    0x0, 0xc, 0xff, 0xff, 0xff, 0xff, 0xff, 0xff,
    0xff, 0x30, 0x0, 0x0, 0xc, 0xf7, 0x33, 0x33,
    0x33, 0x33, 0x33, 0xff, 0x30, 0x0, 0x0, 0xc,
    0xfa, 0x88, 0x88, 0x88, 0x88, 0x88, 0xff, 0x30,
    0x0, 0x0, 0xc, 0xff, 0xff, 0xff, 0xff, 0xff,
    0xff, 0xff, 0x30, 0x0, 0x0, 0x0, 0x0, 0x0,
    0x3, 0xfe, 0x0, 0x0, 0x0, 0x0, 0x0, 0xa,
    0xaa, 0xaa, 0xaa, 0xad, 0xff, 0xaa, 0xaa, 0xaa,
    0xaa, 0x80, 0xf, 0xff, 0xff, 0xff, 0xff, 0xff,
    0xff, 0xff, 0xff, 0xff, 0xd0, 0x0, 0x0, 0x0,
    0x7, 0xff, 0xff, 0xfe, 0x40, 0x0, 0x0, 0x0,
    0x0, 0x0, 0x2, 0xbf, 0xd5, 0xfe, 0x4f, 0xf8,
    0x10, 0x0, 0x0, 0x0, 0x1, 0x8f, 0xfa, 0x13,
    0xfe, 0x3, 0xef, 0xe7, 0x0, 0x0, 0x4, 0x9f,
    0xfe, 0x50, 0x3, 0xfe, 0x0, 0x1a, 0xff, 0xfa,
    0x50, 0x1e, 0xff, 0x91, 0x0, 0x3, 0xfe, 0x0,
    0x0, 0x4c, 0xff, 0x90, 0x4, 0x81, 0x0, 0x0,
    0x3, 0xfe, 0x0, 0x0, 0x0, 0x38, 0x0,

    /* U+6B21 "次" */
    0x0, 0x0, 0x0, 0x0, 0x2, 0x63, 0x0, 0x0,
    0x0, 0x0, 0x0, 0x0, 0x0, 0x0, 0x0, 0x8,
    0xfc, 0x0, 0x0, 0x0, 0x0, 0x0, 0x3, 0xd5,
    0x0, 0x0, 0xc, 0xf8, 0x0, 0x0, 0x0, 0x0,
    0x0, 0xa, 0xff, 0xb2, 0x0, 0xf, 0xf4, 0x0,
    0x0, 0x0, 0x0, 0x0, 0x0, 0x5f, 0xff, 0x40,
    0x6f, 0xff, 0xff, 0xff, 0xff, 0xfd, 0x30, 0x0,
    0x2, 0xcf, 0x30, 0xcf, 0xff, 0xff, 0xff, 0xff,
    0xff, 0x60, 0x0, 0x0, 0x4, 0x2, 0xff, 0x51,
    0x12, 0x11, 0x13, 0xff, 0x10, 0x0, 0x0, 0x0,
    0xa, 0xfd, 0x0, 0xcf, 0x70, 0x7, 0xfb, 0x0,
    0x0, 0x0, 0x0, 0x3f, 0xf6, 0x0, 0xcf, 0x70,
    0xc, 0xf5, 0x0, 0x0, 0x0, 0x0, 0xaf, 0xd0,
    0x0, 0xff, 0xb0, 0x3f, 0xe0, 0x0, 0x0, 0x0,
    0x3, 0x5, 0x30, 0x0, 0xff, 0xe0, 0x19, 0x70,
    0x0, 0x0, 0x0, 0x6f, 0x60, 0x0, 0x1, 0xff,
    0xf0, 0x0, 0x0, 0x0, 0x0, 0x1, 0xef, 0x70,
    0x0, 0x5, 0xff, 0xf3, 0x0, 0x0, 0x0, 0x0,
    0xa, 0xfd, 0x0, 0x0, 0xb, 0xff, 0xfa, 0x0,
    0x0, 0x0, 0x0, 0x4f, 0xf5, 0x0, 0x0, 0x3f,
    0xf6, 0xff, 0x20, 0x0, 0x0, 0x1, 0xef, 0xb0,
    0x0, 0x0, 0xdf, 0xd0, 0x8f, 0xc0, 0x0, 0x0,
    0xa, 0xff, 0x10, 0x0, 0xb, 0xff, 0x30, 0x1e,
    0xfa, 0x0, 0x0, 0x1d, 0xf7, 0x0, 0x1, 0xcf,
    0xf6, 0x0, 0x4, 0xff, 0xb1, 0x0, 0x0, 0x70,
    0x0, 0x5e, 0xff, 0x70, 0x0, 0x0, 0x6f, 0xfe,
    0x70, 0x0, 0x0, 0x6, 0xff, 0xe4, 0x0, 0x0,
    0x0, 0x5, 0xef, 0xa0, 0x0, 0x0, 0x0, 0x99,
    0x10, 0x0, 0x0, 0x0, 0x0, 0x7, 0x0,

    /* U+6F02 "漂" */
    0x0, 0x0, 0x0, 0x0, 0x0, 0x0, 0x0, 0x0,
    0x0, 0x0, 0x0, 0x0, 0x8e, 0x60, 0xc, 0xcc,
    0xcc, 0xcc, 0xcc, 0xcc, 0xcc, 0xc1, 0x0, 0xaf,
    0xfb, 0x1e, 0xee, 0xef, 0xff, 0xef, 0xfe, 0xee,
    0xe1, 0x0, 0x4, 0xef, 0x60, 0x0, 0xa, 0xf1,
    0xf, 0xb0, 0x0, 0x0, 0x0, 0x0, 0x19, 0x1,
    0x99, 0x9f, 0xfa, 0x9f, 0xf9, 0x99, 0x60, 0x0,
    0x0, 0x0, 0x2, 0xff, 0xff, 0xff, 0xff, 0xff,
    0xff, 0xb0, 0x0, 0x0, 0x0, 0x2, 0xfa, 0xa,
    0xf1, 0xf, 0xb0, 0x2f, 0xb0, 0xa, 0xe6, 0x0,
    0x2, 0xfa, 0xa, 0xf1, 0xf, 0xb0, 0x2f, 0xb0,
    0xa, 0xff, 0xc2, 0x2, 0xfe, 0xcf, 0xfd, 0xcf,
    0xfc, 0xcf, 0xb0, 0x0, 0x4d, 0xf3, 0x1, 0xcc,
    0xcc, 0xcc, 0xcc, 0xcc, 0xcc, 0x80, 0x0, 0x0,
    0x60, 0x0, 0x0, 0x0, 0x0, 0x0, 0x0, 0x0,
    0x0, 0x0, 0x0, 0x0, 0x0, 0x8f, 0xff, 0xff,
    0xff, 0xff, 0xff, 0x30, 0x0, 0x0, 0x34, 0x0,
    0x48, 0x88, 0x88, 0x88, 0x88, 0x88, 0x10, 0x0,
    0x0, 0xaf, 0x29, 0x99, 0x99, 0x99, 0x99, 0x99,
    0x99, 0x91, 0x0, 0x2, 0xfc, 0xf, 0xff, 0xff,
    0xff, 0xff, 0xff, 0xff, 0xf2, 0x0, 0x9, 0xf6,
    0x1, 0x12, 0x11, 0x1f, 0xf4, 0x11, 0x21, 0x10,
    0x0, 0x1f, 0xe0, 0x0, 0x1e, 0xb0, 0xf, 0xf2,
    0x2c, 0xc0, 0x0, 0x0, 0x9f, 0x80, 0x0, 0xcf,
    0x80, 0xf, 0xf2, 0x9, 0xfa, 0x0, 0x2, 0xff,
    0x10, 0xc, 0xfb, 0x0, 0xf, 0xf2, 0x0, 0xbf,
    0x60, 0x5, 0xf9, 0x0, 0xbf, 0xc0, 0x2b, 0xbf,
    0xf1, 0x0, 0xc, 0xe0, 0x0, 0x52, 0x0, 0x7,
    0x0, 0xf, 0xff, 0x90, 0x0, 0x1, 0x20, 0x0,
    0x0, 0x0, 0x0, 0x0, 0x0, 0x0, 0x0, 0x0,
    0x0, 0x0,

    /* U+70B9 "点" */
    0x0, 0x0, 0x0, 0x0, 0x15, 0x51, 0x0, 0x0,
    0x0, 0x0, 0x0, 0x0, 0x0, 0x0, 0x3, 0xff,
    0x30, 0x0, 0x0, 0x0, 0x0, 0x0, 0x0, 0x0,
    0x0, 0x3f, 0xf6, 0x33, 0x33, 0x33, 0x31, 0x0,
    0x0, 0x0, 0x0, 0x3, 0xff, 0xff, 0xff, 0xff,
    0xff, 0x70, 0x0, 0x0, 0x0, 0x0, 0x3f, 0xff,
    0xcc, 0xcc, 0xcc, 0xc5, 0x0, 0x0, 0x0, 0x0,
    0x3, 0xff, 0x30, 0x0, 0x0, 0x0, 0x0, 0x0,
    0x0, 0x0, 0x0, 0x3f, 0xf3, 0x0, 0x0, 0x0,
    0x0, 0x0, 0x4, 0xff, 0xff, 0xff, 0xff, 0xff,
    0xff, 0xff, 0xe0, 0x0, 0x0, 0x4f, 0xff, 0xff,
    0xff, 0xff, 0xff, 0xff, 0xfe, 0x0, 0x0, 0x4,
    0xfb, 0x0, 0x0, 0x0, 0x0, 0x0, 0x3f, 0xe0,
    0x0, 0x0, 0x4f, 0xb0, 0x0, 0x0, 0x0, 0x0,
    0x3, 0xfe, 0x0, 0x0, 0x4, 0xfb, 0x0, 0x0,
    0x0, 0x0, 0x0, 0x3f, 0xe0, 0x0, 0x0, 0x4f,
    0xfc, 0xcc, 0xcc, 0xcc, 0xcc, 0xcd, 0xfe, 0x0,
    0x0, 0x4, 0xff, 0xff, 0xff, 0xff, 0xff, 0xff,
    0xff, 0xe0, 0x0, 0x0, 0x2, 0x22, 0x22, 0x22,
    0x22, 0x22, 0x22, 0x22, 0x0, 0x0, 0x3, 0x94,
    0x0, 0x21, 0x0, 0x15, 0x10, 0x7, 0xa0, 0x0,
    0x0, 0xbf, 0x90, 0x6f, 0x70, 0xa, 0xf7, 0x0,
    0xcf, 0x80, 0x0, 0x4f, 0xf1, 0x4, 0xfb, 0x0,
    0x4f, 0xe0, 0x2, 0xff, 0x30, 0x1e, 0xf8, 0x0,
    0x2f, 0xe0, 0x0, 0xef, 0x40, 0x8, 0xfd, 0xa,
    0xfc, 0x0, 0x1, 0xff, 0x0, 0x9, 0xf9, 0x0,
    0xe, 0xf3, 0x5, 0x10, 0x0, 0x6, 0x40, 0x0,
    0x22, 0x0, 0x0, 0x31, 0x0,

    /* U+788D "碍" */
    0x0, 0x0, 0x0, 0x0, 0x0, 0xdf, 0xff, 0xff,
    0xff, 0xfb, 0x0, 0xf, 0xff, 0xff, 0xff, 0xf1,
    0xdf, 0xa9, 0x99, 0x9b, 0xfc, 0x0, 0xd, 0xef,
    0xff, 0xee, 0xe1, 0xdf, 0x10, 0x0, 0x4, 0xfc,
    0x0, 0x0, 0x7, 0xf9, 0x0, 0x0, 0xdf, 0xff,
    0xff, 0xff, 0xfc, 0x0, 0x0, 0xb, 0xf5, 0x0,
    0x0, 0xdf, 0x88, 0x88, 0x8a, 0xfc, 0x0, 0x0,
    0xf, 0xf1, 0x0, 0x0, 0xdf, 0x21, 0x11, 0x15,
    0xfc, 0x0, 0x0, 0x5f, 0xc0, 0x0, 0x0, 0xdf,
    0xff, 0xff, 0xff, 0xfc, 0x0, 0x0, 0xff, 0xfc,
    0xcc, 0x70, 0x56, 0x66, 0x66, 0x66, 0x64, 0x0,
    0x3, 0xff, 0xff, 0xff, 0xa3, 0x55, 0x55, 0x55,
    0x55, 0x55, 0x40, 0xc, 0xff, 0x70, 0x5f, 0xaa,
    0xff, 0xff, 0xff, 0xff, 0xff, 0xd0, 0x4f, 0xff,
    0x60, 0x4f, 0xa4, 0x77, 0x77, 0x77, 0xff, 0xa7,
    0x60, 0xf, 0xff, 0x60, 0x4f, 0xa0, 0x0, 0x0,
    0x0, 0xcf, 0x30, 0x0, 0x6, 0x7f, 0x60, 0x4f,
    0xad, 0xdd, 0xdd, 0xdd, 0xff, 0xfd, 0xd0, 0x0,
    0x7f, 0x60, 0x4f, 0xaf, 0xff, 0xff, 0xff, 0xff,
    0xff, 0xf0, 0x0, 0x7f, 0x60, 0x4f, 0xa0, 0x1b,
    0xa0, 0x0, 0xcf, 0x30, 0x0, 0x0, 0x7f, 0xfc,
    0xdf, 0xa0, 0x1e, 0xf9, 0x0, 0xcf, 0x30, 0x0,
    0x0, 0x7f, 0xff, 0xff, 0xa0, 0x2, 0xff, 0x40,
    0xcf, 0x30, 0x0, 0x0, 0x7f, 0x70, 0x0, 0x0,
    0x0, 0x69, 0x0, 0xcf, 0x30, 0x0, 0x0, 0x5c,
    0x50, 0x0, 0x0, 0x0, 0x1, 0xdd, 0xff, 0x20,
    0x0, 0x0, 0x0, 0x0, 0x0, 0x0, 0x0, 0x0,
    0xcf, 0xd8, 0x0, 0x0,

    /* U+7A7A "空" */
    0x0, 0x0, 0x0, 0x0, 0x27, 0x70, 0x0, 0x0,
    0x0, 0x0, 0x0, 0x0, 0x0, 0x0, 0x6f, 0xf2,
    0x0, 0x0, 0x0, 0x0, 0x0, 0x0, 0x0, 0x0,
    0xe, 0xf9, 0x0, 0x0, 0x0, 0x0, 0x3f, 0xff,
    0xff, 0xff, 0xff, 0xff, 0xff, 0xff, 0xff, 0xfe,
    0x3f, 0xfe, 0xee, 0xee, 0xef, 0xee, 0xee, 0xee,
    0xef, 0xfe, 0x3f, 0xd0, 0x0, 0x0, 0x0, 0x0,
    0x0, 0x0, 0x3, 0xfe, 0x3f, 0xd0, 0x0, 0x2c,
    0x30, 0x0, 0xa9, 0x10, 0x3, 0xfe, 0x3f, 0xd0,
    0x8, 0xff, 0xa0, 0x4, 0xef, 0xf9, 0x22, 0xba,
    0x2, 0x26, 0xef, 0xf7, 0x0, 0x0, 0x7, 0xef,
    0xf9, 0x20, 0x8, 0xef, 0xfb, 0x20, 0x0, 0x0,
    0x0, 0x8, 0xff, 0xf6, 0x7, 0xfb, 0x40, 0x0,
    0x0, 0x0, 0x0, 0x0, 0x19, 0xd1, 0x0, 0x39,
    0xdd, 0xdd, 0xdd, 0xdd, 0xdd, 0xdd, 0xd3, 0x0,
    0x0, 0xb, 0xff, 0xff, 0xff, 0xff, 0xff, 0xff,
    0xf4, 0x0, 0x0, 0x0, 0x0, 0x0, 0xf, 0xf4,
    0x0, 0x0, 0x0, 0x0, 0x0, 0x0, 0x0, 0x0,
    0xf, 0xf4, 0x0, 0x0, 0x0, 0x0, 0x0, 0x0,
    0x0, 0x0, 0xf, 0xf4, 0x0, 0x0, 0x0, 0x0,
    0x0, 0x0, 0x0, 0x0, 0xf, 0xf4, 0x0, 0x0,
    0x0, 0x0, 0x0, 0x0, 0x0, 0x0, 0xf, 0xf4,
    0x0, 0x0, 0x0, 0x0, 0x2e, 0xee, 0xee, 0xee,
    0xef, 0xff, 0xee, 0xee, 0xee, 0xec, 0x2f, 0xff,
    0xff, 0xff, 0xff, 0xff, 0xff, 0xff, 0xff, 0xfd,

    /* U+7A7F "穿" */
    0x0, 0x0, 0x0, 0x0, 0x39, 0xa0, 0x0, 0x0,
    0x0, 0x0, 0x0, 0x0, 0x0, 0x0, 0x2f, 0xf5,
    0x0, 0x0, 0x0, 0x0, 0x1a, 0xaa, 0xaa, 0xaa,
    0xaf, 0xff, 0xaa, 0xaa, 0xaa, 0xa8, 0x2f, 0xff,
    0xff, 0xff, 0xff, 0xff, 0xff, 0xff, 0xff, 0xfe,
    0x2f, 0xe2, 0x22, 0x23, 0x22, 0x22, 0x32, 0x22,
    0x26, 0xfe, 0x2f, 0xe0, 0x1, 0xaf, 0x90, 0x0,
    0xce, 0x71, 0x4, 0xfe, 0x1, 0x12, 0x9f, 0xfc,
    0x20, 0x1, 0x8e, 0xff, 0xa3, 0x11, 0x4, 0xcf,
    0xfe, 0x60, 0x0, 0x0, 0x0, 0x6e, 0xff, 0xa0,
    0x2, 0xff, 0x81, 0x0, 0x0, 0x0, 0x0, 0x0,
    0x6e, 0x90, 0x0, 0xbf, 0xff, 0xff, 0xff, 0xff,
    0xff, 0xff, 0xff, 0xf2, 0x0, 0x6c, 0xcc, 0xcc,
    0xcc, 0xcc, 0xef, 0xfc, 0xcc, 0xc1, 0x0, 0x8,
    0xb4, 0x0, 0x0, 0x0, 0x2f, 0xe0, 0x0, 0x0,
    0x0, 0xe, 0xf3, 0x0, 0x0, 0x0, 0x2f, 0xe0,
    0x0, 0x0, 0x0, 0x2f, 0xfb, 0xbb, 0xbb, 0xbb,
    0xdf, 0xfb, 0xbb, 0xba, 0x0, 0x6f, 0xff, 0xff,
    0xff, 0xff, 0xff, 0xff, 0xff, 0xfe, 0x0, 0x1,
    0x10, 0x0, 0x3a, 0xff, 0x7f, 0xf0, 0x0, 0x0,
    0x0, 0x0, 0x0, 0x3a, 0xff, 0xb1, 0x2f, 0xe0,
    0x0, 0x0, 0x0, 0x3, 0x9e, 0xff, 0xc3, 0x0,
    0x2f, 0xe0, 0x0, 0x0, 0x5c, 0xff, 0xff, 0xa4,
    0x0, 0x0, 0x2f, 0xe0, 0x0, 0x0, 0x1e, 0xfb,
    0x61, 0x0, 0x1, 0xdd, 0xef, 0xd0, 0x0, 0x0,
    0x1, 0x0, 0x0, 0x0, 0x0, 0xcf, 0xfd, 0x40,
    0x0, 0x0, 0x0, 0x0, 0x0, 0x0, 0x0, 0x0,
    0x0, 0x0, 0x0, 0x0,

    /* U+7B2C "第" */
    0x0, 0x0, 0xaa, 0x20, 0x0, 0x0, 0x1d, 0x90,
    0x0, 0x0, 0x0, 0x0, 0x2f, 0xe0, 0x0, 0x0,
    0x7, 0xfc, 0x0, 0x0, 0x0, 0x0, 0xa, 0xff,
    0xff, 0xff, 0xf1, 0xff, 0xff, 0xff, 0xff, 0xe0,
    0x5, 0xff, 0xcf, 0xf9, 0x99, 0x8f, 0xf9, 0xff,
    0xc8, 0x88, 0x2, 0xef, 0x50, 0xcf, 0x40, 0x3f,
    0xf5, 0x5, 0xfe, 0x0, 0x0, 0xcf, 0x90, 0x5,
    0xf7, 0x8, 0xfa, 0x0, 0xb, 0xf4, 0x0, 0x0,
    0x76, 0x66, 0x78, 0x66, 0x6a, 0x76, 0x66, 0x87,
    0x60, 0x0, 0x2, 0xff, 0xff, 0xff, 0xff, 0xff,
    0xff, 0xff, 0xff, 0x0, 0x0, 0x5, 0x55, 0x55,
    0x5a, 0xff, 0x55, 0x55, 0x5f, 0xf0, 0x0, 0x0,
    0x0, 0x0, 0x0, 0x5f, 0xb0, 0x0, 0x0, 0xff,
    0x0, 0x0, 0x7, 0xff, 0xff, 0xff, 0xff, 0xff,
    0xff, 0xff, 0xf0, 0x0, 0x0, 0x9f, 0xfc, 0xcc,
    0xff, 0xfc, 0xcc, 0xcc, 0xcc, 0x0, 0x0, 0xb,
    0xf4, 0x0, 0x5, 0xfb, 0x0, 0x0, 0x0, 0x0,
    0x0, 0x0, 0xef, 0xdb, 0xbb, 0xff, 0xfb, 0xbb,
    0xbb, 0xdf, 0x90, 0x0, 0x1f, 0xff, 0xff, 0xff,
    0xff, 0xff, 0xff, 0xff, 0xfc, 0x0, 0x0, 0x11,
    0x0, 0x7f, 0xff, 0xc0, 0x0, 0x0, 0x7f, 0xb0,
    0x0, 0x0, 0x0, 0x9f, 0xf8, 0xfb, 0x0, 0x0,
    0x8, 0xf9, 0x0, 0x0, 0x4, 0xef, 0xe3, 0x5f,
    0xb0, 0x0, 0x0, 0xdf, 0x60, 0x0, 0x4b, 0xff,
    0xb1, 0x5, 0xfb, 0x0, 0xee, 0xef, 0xf1, 0x0,
    0x5f, 0xff, 0x70, 0x0, 0x5f, 0xb0, 0x9, 0xee,
    0xd5, 0x0, 0x0, 0x99, 0x10, 0x0, 0x5, 0xfb,
    0x0, 0x0, 0x0, 0x0, 0x0,

    /* U+7ED3 "结" */
    0x0, 0x0, 0x55, 0x0, 0x0, 0x0, 0x3, 0xdc,
    0x0, 0x0, 0x0, 0x0, 0xe, 0xf8, 0x0, 0x0,
    0x0, 0x4f, 0xf0, 0x0, 0x0, 0x0, 0x5, 0xff,
    0x10, 0x0, 0x0, 0x4, 0xff, 0x0, 0x0, 0x0,
    0x0, 0xdf, 0x90, 0x1, 0xff, 0xff, 0xff, 0xff,
    0xff, 0xfb, 0x0, 0x5f, 0xe1, 0x1, 0x2f, 0xff,
    0xff, 0xff, 0xff, 0xff, 0xb0, 0xe, 0xf6, 0x5,
    0xf6, 0x0, 0x0, 0x4f, 0xf0, 0x0, 0x0, 0x9,
    0xfb, 0x0, 0xef, 0x90, 0x0, 0x4, 0xff, 0x0,
    0x0, 0x6, 0xff, 0xed, 0xff, 0xd0, 0x0, 0x0,
    0x4f, 0xf0, 0x0, 0x0, 0x3f, 0xff, 0xff, 0xf3,
    0x8, 0xff, 0xff, 0xff, 0xff, 0xff, 0x40, 0x73,
    0x2e, 0xf7, 0x0, 0x9f, 0xff, 0xff, 0xff, 0xff,
    0xf5, 0x0, 0xc, 0xfa, 0x0, 0x0, 0x11, 0x11,
    0x11, 0x11, 0x11, 0x0, 0xa, 0xfc, 0x1, 0x34,
    0x0, 0x0, 0x0, 0x0, 0x0, 0x0, 0x1b, 0xff,
    0xde, 0xff, 0xb0, 0xdd, 0xdd, 0xdd, 0xdd, 0xdd,
    0x2, 0xff, 0xff, 0xfd, 0xa6, 0xf, 0xff, 0xff,
    0xff, 0xff, 0xf0, 0xf, 0xa6, 0x30, 0x0, 0x0,
    0xff, 0x0, 0x0, 0x2, 0xff, 0x0, 0x0, 0x0,
    0x0, 0x0, 0xf, 0xf0, 0x0, 0x0, 0x1f, 0xf0,
    0x0, 0x0, 0x14, 0x7a, 0xb0, 0xff, 0x0, 0x0,
    0x1, 0xff, 0x2, 0x8b, 0xef, 0xff, 0xfe, 0xf,
    0xf0, 0x0, 0x0, 0x1f, 0xf0, 0x4f, 0xff, 0xfc,
    0x95, 0x20, 0xff, 0xff, 0xff, 0xff, 0xff, 0x1,
    0xa6, 0x30, 0x0, 0x0, 0xf, 0xfe, 0xee, 0xee,
    0xff, 0xf0, 0x0, 0x0, 0x0, 0x0, 0x0, 0xff,
    0x0, 0x0, 0x1, 0xff, 0x0,

    /* U+7EE7 "继" */
    0x0, 0x0, 0x31, 0x0, 0x0, 0x0, 0x0, 0x4,
    0x60, 0x0, 0x0, 0x0, 0x0, 0x8e, 0x30, 0x0,
    0x0, 0x0, 0xa, 0xf1, 0x0, 0x0, 0x0, 0x0,
    0xdf, 0x50, 0xe, 0xf0, 0x21, 0xa, 0xf1, 0x4,
    0x10, 0x0, 0x3, 0xfe, 0x0, 0xe, 0xf0, 0xf8,
    0xa, 0xf1, 0x2f, 0x90, 0x0, 0xa, 0xf7, 0x0,
    0xe, 0xf0, 0x9e, 0xa, 0xf1, 0x8f, 0x10, 0x0,
    0x1f, 0xe0, 0x17, 0xe, 0xf0, 0x4f, 0x4a, 0xf1,
    0xe8, 0x0, 0x0, 0x9f, 0x70, 0xaf, 0x7e, 0xf0,
    0x7, 0x1a, 0xf2, 0x70, 0x0, 0x3, 0xff, 0x8c,
    0xfe, 0xe, 0xf5, 0xbb, 0xbf, 0xfc, 0xbb, 0xb0,
    0x1f, 0xff, 0xff, 0xf4, 0xe, 0xf7, 0xff, 0xff,
    0xff, 0xff, 0xf0, 0xf, 0xe5, 0xaf, 0xa0, 0xe,
    0xf0, 0x0, 0x8f, 0xfc, 0x0, 0x0, 0x1, 0x3,
    0xfe, 0x10, 0xe, 0xf0, 0x0, 0xef, 0xff, 0x70,
    0x0, 0x0, 0x1e, 0xf3, 0x1, 0xe, 0xf0, 0x8,
    0xfd, 0xf9, 0xf4, 0x0, 0x0, 0xef, 0xfb, 0xef,
    0x3e, 0xf0, 0x3f, 0x9a, 0xf1, 0xde, 0x20, 0xf,
    0xff, 0xff, 0xda, 0x1e, 0xf1, 0xef, 0x1a, 0xf1,
    0x3f, 0xc0, 0xf, 0xf8, 0x41, 0x0, 0xe, 0xf3,
    0xf6, 0xa, 0xf1, 0x9, 0x50, 0x0, 0x0, 0x0,
    0x0, 0xe, 0xf0, 0x60, 0xa, 0xf1, 0x0, 0x0,
    0x0, 0x0, 0x26, 0x9d, 0x5e, 0xf0, 0x0, 0xa,
    0xf1, 0x0, 0x0, 0x8, 0xbe, 0xff, 0xff, 0x5e,
    0xf0, 0x0, 0x3, 0x50, 0x0, 0x0, 0xd, 0xff,
    0xb7, 0x30, 0xe, 0xff, 0xff, 0xff, 0xff, 0xff,
    0xf4, 0x5, 0x30, 0x0, 0x0, 0xc, 0xdd, 0xdd,
    0xdd, 0xdd, 0xdd, 0xd3,

    /* U+7EED "续" */
    0x0, 0x0, 0x32, 0x0, 0x0, 0x0, 0x4, 0x95,
    0x0, 0x0, 0x0, 0x0, 0xc, 0xf3, 0x0, 0x0,
    0x0, 0x8f, 0x80, 0x0, 0x0, 0x0, 0x2, 0xfd,
    0x0, 0x4, 0xbb, 0xbf, 0xff, 0xbb, 0xb6, 0x0,
    0x0, 0x9f, 0x60, 0x0, 0x6f, 0xff, 0xff, 0xff,
    0xff, 0x90, 0x0, 0x1f, 0xd0, 0x0, 0x0, 0x0,
    0x9, 0xf9, 0x0, 0x0, 0x0, 0x9, 0xf5, 0x8,
    0x30, 0x0, 0x0, 0x8f, 0x80, 0x0, 0x0, 0x3,
    0xfb, 0x2, 0xfd, 0x3f, 0xff, 0xff, 0xff, 0xff,
    0xff, 0x51, 0xdf, 0x54, 0xdf, 0x52, 0xcc, 0xcc,
    0xcc, 0xcc, 0xcf, 0xf2, 0x4f, 0xff, 0xff, 0xc0,
    0x0, 0x2a, 0x20, 0xbb, 0x0, 0xce, 0x0, 0xd6,
    0x4f, 0xf2, 0x0, 0x3, 0xdf, 0x6f, 0xf0, 0x2f,
    0x90, 0x0, 0x8, 0xf8, 0x0, 0xb, 0x60, 0xa7,
    0xff, 0x0, 0x31, 0x0, 0x3, 0xfc, 0x37, 0x40,
    0x9f, 0xc1, 0xf, 0xe0, 0x0, 0x0, 0x3, 0xff,
    0xff, 0xf7, 0x0, 0x4d, 0x21, 0xfd, 0x0, 0x0,
    0x2, 0xff, 0xfe, 0x95, 0x1b, 0xcc, 0xcc, 0xff,
    0xfc, 0xcc, 0xc4, 0xf, 0xd3, 0x0, 0x0, 0xef,
    0xff, 0xff, 0xff, 0xff, 0xff, 0x60, 0x0, 0x0,
    0x39, 0x70, 0x0, 0x4, 0xff, 0x23, 0x0, 0x0,
    0x0, 0x27, 0xdf, 0xfa, 0x0, 0x2, 0xef, 0x88,
    0xf7, 0x0, 0x3, 0xdf, 0xff, 0xa4, 0x0, 0x4,
    0xef, 0xc0, 0x2c, 0xfb, 0x0, 0x2f, 0xd7, 0x10,
    0x0, 0x19, 0xff, 0xc1, 0x0, 0xa, 0xfc, 0x10,
    0x30, 0x0, 0x0, 0x1e, 0xff, 0x80, 0x0, 0x0,
    0x8, 0xfa, 0x0, 0x0, 0x0, 0x0, 0x39, 0x20,
    0x0, 0x0, 0x0, 0x7, 0x20,

    /* U+7FC5 "翅" */
    0x0, 0x0, 0xac, 0x0, 0x0, 0x0, 0x0, 0x0,
    0x0, 0x0, 0x0, 0x0, 0x0, 0xdf, 0x10, 0x0,
    0x0, 0x0, 0x0, 0x0, 0x0, 0x0, 0x0, 0x0,
    0xdf, 0x10, 0xd, 0xff, 0xff, 0x4f, 0xff, 0xff,
    0x50, 0x1c, 0xcc, 0xff, 0xec, 0xba, 0xcc, 0xff,
    0x4c, 0xcc, 0xff, 0x50, 0x2f, 0xff, 0xff, 0xff,
    0xe5, 0x70, 0x9f, 0x45, 0x90, 0x8f, 0x50, 0x0,
    0x0, 0xef, 0x20, 0x7, 0xf2, 0x9f, 0x46, 0xf3,
    0x8f, 0x50, 0x0, 0x0, 0xdf, 0x10, 0x0, 0xea,
    0x9f, 0x40, 0xeb, 0x8f, 0x50, 0x0, 0x0, 0xdf,
    0x10, 0x0, 0x8f, 0xaf, 0x40, 0x8d, 0x9f, 0x50,
    0xf, 0xff, 0xff, 0xff, 0xb0, 0x11, 0x9f, 0x40,
    0x0, 0x9f, 0x50, 0xf, 0xff, 0xff, 0xff, 0xc0,
    0x0, 0xff, 0x40, 0x3, 0xff, 0x50, 0x4, 0xf6,
    0x0, 0x5f, 0x90, 0x1b, 0xff, 0x40, 0x6f, 0xff,
    0x50, 0x1, 0xfb, 0x0, 0x9f, 0x53, 0xdf, 0xff,
    0x4b, 0xfe, 0xbf, 0x50, 0x0, 0xcf, 0x0, 0xef,
    0x1f, 0xf6, 0x9f, 0x4c, 0xc1, 0x8f, 0x50, 0x0,
    0x7f, 0x55, 0xfa, 0xb, 0x50, 0x9f, 0x42, 0x0,
    0x8f, 0x50, 0x0, 0x1f, 0xdd, 0xf4, 0x0, 0x0,
    0x9f, 0x40, 0x0, 0x8f, 0x50, 0x0, 0x9, 0xff,
    0xc0, 0x0, 0x11, 0xaf, 0x40, 0x11, 0xaf, 0x50,
    0x0, 0x3, 0xff, 0x90, 0x1, 0xff, 0xff, 0x23,
    0xff, 0xff, 0x30, 0x0, 0xc, 0xff, 0xf7, 0x0,
    0x89, 0x84, 0x0, 0xaa, 0x95, 0x0, 0x1, 0xcf,
    0xd6, 0xff, 0xd7, 0x30, 0x0, 0x0, 0x0, 0x0,
    0x0, 0x2e, 0xfe, 0x10, 0x3c, 0xff, 0xff, 0xee,
    0xdd, 0xdd, 0xdd, 0xd1, 0xc, 0xc1, 0x0, 0x0,
    0x28, 0xbd, 0xef, 0xff, 0xff, 0xff, 0xb0, 0x1,
    0x0, 0x0, 0x0, 0x0, 0x0, 0x0, 0x0, 0x0,
    0x0, 0x0,

    /* U+7FFC "翼" */
    0x9, 0xff, 0xff, 0xff, 0xff, 0xe, 0xff, 0xff,
    0xff, 0xfe, 0x0, 0x4a, 0xf8, 0x88, 0xdf, 0xf0,
    0x7f, 0xb8, 0x88, 0xdf, 0xf0, 0x0, 0x6f, 0xd1,
    0x5, 0xff, 0x1, 0xcf, 0x80, 0x8, 0xff, 0x0,
    0x0, 0x3d, 0x7b, 0xff, 0xf0, 0x0, 0x9b, 0x9e,
    0xff, 0xf0, 0x4, 0x8d, 0xff, 0xcc, 0xff, 0x5,
    0xaf, 0xff, 0x99, 0xff, 0x0, 0xdf, 0xc7, 0x20,
    0x4f, 0xe0, 0xcf, 0xa5, 0x0, 0x5f, 0xe0, 0x2,
    0x17, 0x88, 0x88, 0x88, 0x8a, 0x98, 0x88, 0x88,
    0x0, 0x0, 0x0, 0xdf, 0xbb, 0xbb, 0xcf, 0xfb,
    0xbb, 0xbf, 0xf1, 0x0, 0x0, 0xd, 0xf5, 0x44,
    0x45, 0xff, 0x44, 0x44, 0xff, 0x10, 0x0, 0x0,
    0xdf, 0xff, 0xff, 0xff, 0xff, 0xff, 0xff, 0xf1,
    0x0, 0x0, 0xd, 0xf3, 0x22, 0x23, 0xff, 0x22,
    0x22, 0xef, 0x10, 0x0, 0x0, 0xdf, 0xff, 0xff,
    0xff, 0xff, 0xff, 0xff, 0xf1, 0x0, 0x0, 0x0,
    0x0, 0xef, 0x10, 0x0, 0xe, 0xf1, 0x0, 0x0,
    0x0, 0x6f, 0xff, 0xff, 0xff, 0xff, 0xff, 0xff,
    0xff, 0xff, 0xf0, 0x2, 0x66, 0x66, 0xff, 0x76,
    0x66, 0x6f, 0xf7, 0x66, 0x66, 0x3, 0x99, 0x99,
    0x9f, 0xfa, 0x99, 0x99, 0xff, 0xa9, 0x99, 0x96,
    0x4d, 0xdd, 0xdd, 0xef, 0xdd, 0xdd, 0xdf, 0xfd,
    0xdd, 0xdd, 0x80, 0x0, 0x26, 0xbf, 0xfa, 0x0,
    0x5, 0xff, 0xfa, 0x50, 0x0, 0x1b, 0xef, 0xfe,
    0x92, 0x0, 0x0, 0x0, 0x5a, 0xff, 0xfa, 0x10,
    0x5c, 0x84, 0x0, 0x0, 0x0, 0x0, 0x0, 0x0,
    0x5b, 0x50,

    /* U+8282 "节" */
    0x0, 0x0, 0x5, 0x61, 0x0, 0x0, 0x16, 0x50,
    0x0, 0x0, 0x0, 0x0, 0xe, 0xf3, 0x0, 0x0,
    0x4f, 0xe0, 0x0, 0x0, 0x0, 0x0, 0xf, 0xf3,
    0x0, 0x0, 0x5f, 0xf0, 0x0, 0x0, 0xef, 0xff,
    0xff, 0xff, 0xff, 0xff, 0xff, 0xff, 0xff, 0xfd,
    0xdf, 0xff, 0xff, 0xff, 0xff, 0xff, 0xff, 0xff,
    0xff, 0xfc, 0x0, 0x0, 0xe, 0xf3, 0x0, 0x0,
    0x4f, 0xe0, 0x0, 0x0, 0x0, 0x0, 0xe, 0xf3,
    0x0, 0x0, 0x4f, 0xe0, 0x0, 0x0, 0x0, 0x0,
    0x4, 0x40, 0x0, 0x0, 0x14, 0x40, 0x0, 0x0,
    0xd, 0xff, 0xff, 0xff, 0xff, 0xff, 0xff, 0xff,
    0xfe, 0x0, 0xd, 0xff, 0xff, 0xff, 0xff, 0xff,
    0xff, 0xff, 0xfe, 0x0, 0x0, 0x0, 0x0, 0x7f,
    0xd0, 0x0, 0x0, 0x5, 0xfe, 0x0, 0x0, 0x0,
    0x0, 0x6f, 0xc0, 0x0, 0x0, 0x4, 0xfe, 0x0,
    0x0, 0x0, 0x0, 0x6f, 0xc0, 0x0, 0x0, 0x4,
    0xfe, 0x0, 0x0, 0x0, 0x0, 0x6f, 0xc0, 0x0,
    0x0, 0x4, 0xfe, 0x0, 0x0, 0x0, 0x0, 0x6f,
    0xc0, 0x0, 0x0, 0x4, 0xfe, 0x0, 0x0, 0x0,
    0x0, 0x6f, 0xc0, 0x0, 0x32, 0x27, 0xfe, 0x0,
    0x0, 0x0, 0x0, 0x6f, 0xc0, 0x1, 0xff, 0xff,
    0xfb, 0x0, 0x0, 0x0, 0x0, 0x6f, 0xc0, 0x0,
    0xcf, 0xed, 0xa2, 0x0, 0x0, 0x0, 0x0, 0x6f,
    0xc0, 0x0, 0x0, 0x0, 0x0, 0x0, 0x0, 0x0,
    0x0, 0x6f, 0xc0, 0x0, 0x0, 0x0, 0x0, 0x0,
    0x0, 0x0, 0x0, 0x6f, 0xc0, 0x0, 0x0, 0x0,
    0x0, 0x0,

    /* U+884C "行" */
    0x0, 0x0, 0x1, 0x0, 0x0, 0x0, 0x0, 0x0,
    0x0, 0x0, 0x0, 0x0, 0x0, 0x1d, 0xf5, 0x0,
    0x0, 0x0, 0x0, 0x0, 0x0, 0x0, 0x0, 0x1,
    0xcf, 0xd0, 0x1, 0xff, 0xff, 0xff, 0xff, 0xff,
    0xa0, 0x0, 0x1d, 0xfd, 0x10, 0x1, 0xff, 0xff,
    0xff, 0xff, 0xff, 0xa0, 0x3, 0xef, 0xd1, 0x0,
    0x0, 0x0, 0x0, 0x0, 0x0, 0x0, 0x0, 0x1f,
    0xfc, 0x10, 0x54, 0x0, 0x0, 0x0, 0x0, 0x0,
    0x0, 0x0, 0x8, 0x90, 0x2, 0xff, 0x50, 0x0,
    0x0, 0x0, 0x0, 0x0, 0x0, 0x0, 0x0, 0xd,
    0xfb, 0x0, 0x0, 0x0, 0x0, 0x0, 0x0, 0x0,
    0x0, 0x0, 0xbf, 0xf1, 0x4f, 0xff, 0xff, 0xff,
    0xff, 0xff, 0xf1, 0x0, 0xa, 0xff, 0x50, 0x4f,
    0xff, 0xff, 0xff, 0xff, 0xff, 0xf1, 0x0, 0xaf,
    0xff, 0x20, 0x0, 0x0, 0x0, 0x0, 0xff, 0x10,
    0x0, 0x1c, 0xff, 0xff, 0x20, 0x0, 0x0, 0x0,
    0x0, 0xff, 0x10, 0x0, 0x2f, 0xf6, 0xef, 0x20,
    0x0, 0x0, 0x0, 0x0, 0xff, 0x10, 0x0, 0x5,
    0x40, 0xef, 0x20, 0x0, 0x0, 0x0, 0x0, 0xff,
    0x10, 0x0, 0x0, 0x0, 0xef, 0x20, 0x0, 0x0,
    0x0, 0x0, 0xff, 0x10, 0x0, 0x0, 0x0, 0xef,
    0x20, 0x0, 0x0, 0x0, 0x0, 0xff, 0x10, 0x0,
    0x0, 0x0, 0xef, 0x20, 0x0, 0x0, 0x0, 0x0,
    0xff, 0x10, 0x0, 0x0, 0x0, 0xef, 0x20, 0x0,
    0x0, 0x0, 0x0, 0xff, 0x10, 0x0, 0x0, 0x0,
    0xef, 0x20, 0x0, 0x0, 0x0, 0x1, 0xff, 0x0,
    0x0, 0x0, 0x0, 0xef, 0x20, 0x0, 0x0, 0xbf,
    0xff, 0xff, 0x0, 0x0, 0x0, 0x0, 0xef, 0x20,
    0x0, 0x0, 0x6f, 0xff, 0xd5, 0x0, 0x0, 0x0,
    0x0, 0x0, 0x0, 0x0, 0x0, 0x0, 0x0, 0x0,
    0x0, 0x0,

    /* U+89E3 "解" */
    0x0, 0x0, 0x0, 0x0, 0x0, 0x0, 0x0, 0x0,
    0x0, 0x0, 0x0, 0x0, 0x4, 0xf9, 0x0, 0x0,
    0x0, 0x0, 0x0, 0x0, 0x0, 0x0, 0x0, 0x9,
    0xfe, 0x9b, 0x92, 0xd, 0xff, 0xff, 0xff, 0xff,
    0x90, 0x0, 0xe, 0xff, 0xff, 0xfa, 0x2, 0x22,
    0xff, 0x22, 0x5f, 0x80, 0x0, 0x7f, 0x90, 0xe,
    0xf3, 0x0, 0x3, 0xfb, 0x0, 0x3f, 0x70, 0x1,
    0xef, 0x10, 0x4f, 0xb0, 0x0, 0xa, 0xf6, 0x0,
    0x5f, 0x60, 0xb, 0xff, 0xff, 0xff, 0xff, 0xa0,
    0x7f, 0xe1, 0x21, 0x9f, 0x40, 0x2e, 0xff, 0xaf,
    0xfc, 0xaf, 0xba, 0xff, 0x40, 0xbf, 0xff, 0x10,
    0x2, 0xef, 0x5, 0xf1, 0xf, 0xb8, 0xe4, 0x0,
    0x48, 0x82, 0x0, 0x0, 0xbf, 0x5, 0xf1, 0xf,
    0xb0, 0x5d, 0x52, 0xfc, 0x0, 0x0, 0x0, 0xbf,
    0xff, 0xff, 0xff, 0xb0, 0x9f, 0x43, 0xfd, 0x0,
    0x0, 0x0, 0xbf, 0x9e, 0xfa, 0x9f, 0xb0, 0xef,
    0xff, 0xff, 0xff, 0xa0, 0x0, 0xbf, 0x5, 0xf1,
    0xf, 0xb5, 0xff, 0xbe, 0xff, 0xbb, 0x70, 0x0,
    0xcf, 0x5, 0xf1, 0xf, 0xbd, 0xf2, 0x2, 0xfc,
    0x0, 0x0, 0x0, 0xdf, 0xef, 0xff, 0xef, 0xb1,
    0x50, 0x2, 0xfc, 0x0, 0x0, 0x0, 0xff, 0xaf,
    0xfc, 0xbf, 0xb8, 0xff, 0xff, 0xff, 0xff, 0xf6,
    0x1, 0xfb, 0x5, 0xf1, 0xf, 0xb6, 0xdd, 0xdf,
    0xff, 0xdd, 0xd5, 0x4, 0xf7, 0x5, 0xf1, 0xf,
    0xb0, 0x0, 0x2, 0xfc, 0x0, 0x0, 0x9, 0xf3,
    0x5, 0xf1, 0xf, 0xb0, 0x0, 0x2, 0xfc, 0x0,
    0x0, 0x1f, 0xe0, 0x3, 0x99, 0xcf, 0xa0, 0x0,
    0x2, 0xfc, 0x0, 0x0, 0x19, 0x60, 0x0, 0x6,
    0xfd, 0x30, 0x0, 0x2, 0xfc, 0x0, 0x0, 0x0,
    0x0, 0x0, 0x0, 0x0, 0x0, 0x0, 0x0, 0x0,
    0x0, 0x0,

    /* U+8BD5 "试" */
    0x0, 0x0, 0x0, 0x0, 0x0, 0x0, 0x2, 0x75,
    0x2, 0x0, 0x0, 0x2d, 0x90, 0x0, 0x0, 0x0,
    0x0, 0x5f, 0xc7, 0xf5, 0x0, 0x2, 0xdf, 0xb0,
    0x0, 0x0, 0x0, 0x5, 0xfc, 0x1e, 0xf3, 0x0,
    0x1, 0xdf, 0xb0, 0x0, 0x0, 0x0, 0x4f, 0xc0,
    0x3f, 0xb0, 0x0, 0x1, 0xe8, 0x14, 0x44, 0x44,
    0x48, 0xff, 0x44, 0x94, 0x0, 0x0, 0x1, 0x5,
    0xff, 0xff, 0xff, 0xff, 0xff, 0xff, 0xf2, 0x0,
    0x0, 0x0, 0x3a, 0xaa, 0xaa, 0xad, 0xff, 0xaa,
    0xaa, 0x1d, 0xff, 0xfe, 0x0, 0x0, 0x0, 0x0,
    0x2f, 0xe0, 0x0, 0x0, 0xef, 0xff, 0xf0, 0x0,
    0x0, 0x0, 0x1, 0xff, 0x0, 0x0, 0x0, 0x12,
    0xfe, 0x0, 0x22, 0x22, 0x22, 0xf, 0xf0, 0x0,
    0x0, 0x0, 0x1f, 0xe0, 0xe, 0xff, 0xff, 0xf0,
    0xff, 0x20, 0x0, 0x0, 0x1, 0xfe, 0x0, 0xac,
    0xff, 0xec, 0xd, 0xf3, 0x0, 0x0, 0x0, 0x1f,
    0xe0, 0x0, 0xc, 0xf2, 0x0, 0xcf, 0x50, 0x0,
    0x0, 0x1, 0xfe, 0x0, 0x0, 0xcf, 0x20, 0xa,
    0xf7, 0x0, 0x0, 0x0, 0x1f, 0xe0, 0x0, 0xc,
    0xf2, 0x0, 0x7f, 0x90, 0x0, 0x0, 0x1, 0xfe,
    0x5, 0x0, 0xcf, 0x20, 0x5, 0xfc, 0x4, 0x70,
    0x0, 0x1f, 0xfa, 0xf4, 0xd, 0xfa, 0xcd, 0x1f,
    0xf0, 0x6f, 0x50, 0x3, 0xff, 0xfe, 0xab, 0xff,
    0xff, 0xd0, 0xdf, 0x69, 0xf2, 0x0, 0xff, 0xf9,
    0x1f, 0xff, 0xc7, 0x20, 0x8, 0xff, 0xfe, 0x0,
    0xf, 0xf4, 0x0, 0x75, 0x0, 0x0, 0x0, 0x1f,
    0xff, 0x90, 0x0, 0x42, 0x0, 0x0, 0x0, 0x0,
    0x0, 0x0, 0x4d, 0xc1, 0x0,

    /* U+8D77 "起" */
    0x0, 0x0, 0x5, 0x50, 0x0, 0x0, 0x0, 0x0,
    0x0, 0x0, 0x0, 0x0, 0x0, 0xe, 0xf0, 0x0,
    0x0, 0x0, 0x0, 0x0, 0x0, 0x0, 0x0, 0x0,
    0xf, 0xf1, 0x0, 0x3, 0xff, 0xff, 0xff, 0xff,
    0x0, 0x6, 0xff, 0xff, 0xff, 0xff, 0x82, 0xdd,
    0xdd, 0xdd, 0xff, 0x0, 0x5, 0xcc, 0xcf, 0xfd,
    0xcc, 0x60, 0x0, 0x0, 0x0, 0xff, 0x0, 0x0,
    0x0, 0xe, 0xf0, 0x0, 0x0, 0x0, 0x0, 0x0,
    0xff, 0x0, 0x0, 0x0, 0xe, 0xf0, 0x0, 0x0,
    0x0, 0x0, 0x0, 0xff, 0x0, 0xf, 0xff, 0xff,
    0xff, 0xff, 0xf0, 0xef, 0xcc, 0xcc, 0xff, 0x0,
    0xd, 0xdd, 0xdf, 0xff, 0xdd, 0xd0, 0xff, 0xff,
    0xff, 0xff, 0x0, 0x0, 0x0, 0x7, 0xf7, 0x0,
    0x0, 0xff, 0x10, 0x0, 0xa9, 0x0, 0x0, 0x75,
    0x7, 0xf7, 0x0, 0x0, 0xff, 0x0, 0x0, 0x0,
    0x0, 0x0, 0xfd, 0x7, 0xf8, 0x0, 0x0, 0xff,
    0x0, 0x0, 0x0, 0x0, 0x1, 0xfc, 0x7, 0xff,
    0xff, 0xd0, 0xff, 0x0, 0x0, 0x4, 0x10, 0x2,
    0xff, 0x7, 0xff, 0xcc, 0xa0, 0xff, 0x0, 0x0,
    0xa, 0xf2, 0x3, 0xff, 0x7, 0xf7, 0x0, 0x0,
    0xff, 0x0, 0x0, 0xd, 0xf1, 0x4, 0xff, 0x77,
    0xf7, 0x0, 0x0, 0xdf, 0xed, 0xdd, 0xef, 0xd0,
    0x6, 0xff, 0xe9, 0xf7, 0x0, 0x0, 0x5e, 0xff,
    0xff, 0xfe, 0x40, 0x8, 0xfc, 0xff, 0xf7, 0x0,
    0x0, 0x0, 0x0, 0x0, 0x0, 0x0, 0xb, 0xf3,
    0xbf, 0xfc, 0x52, 0x0, 0x0, 0x0, 0x0, 0x0,
    0x0, 0xf, 0xf0, 0x9, 0xff, 0xff, 0xff, 0xff,
    0xff, 0xff, 0xff, 0xf2, 0x5f, 0xb0, 0x0, 0x27,
    0xbd, 0xff, 0xff, 0xff, 0xff, 0xff, 0xc0, 0x5,
    0x40, 0x0, 0x0, 0x0, 0x0, 0x0, 0x0, 0x0,
    0x0, 0x0,

    /* U+8F7B "轻" */
    0x0, 0x0, 0x0, 0x0, 0x0, 0x0, 0x0, 0x0,
    0x0, 0x0, 0x0, 0x0, 0xf, 0xd0, 0x0, 0x0,
    0x0, 0x0, 0x0, 0x0, 0x0, 0x0, 0x3, 0xfd,
    0x0, 0x0, 0xdf, 0xff, 0xff, 0xff, 0xfa, 0x0,
    0xff, 0xff, 0xff, 0xff, 0x6c, 0xee, 0xee, 0xee,
    0xff, 0x60, 0xe, 0xef, 0xff, 0xee, 0xe5, 0x0,
    0x0, 0x0, 0x7f, 0xd0, 0x0, 0x0, 0xdf, 0x10,
    0x0, 0x0, 0x0, 0x0, 0x6f, 0xf2, 0x0, 0x0,
    0x1f, 0xc4, 0x50, 0x0, 0x0, 0x0, 0xaf, 0xf4,
    0x0, 0x0, 0x6, 0xf7, 0xcf, 0x20, 0x0, 0x2,
    0xdf, 0xff, 0x50, 0x0, 0x0, 0xbf, 0x2c, 0xf2,
    0x0, 0x18, 0xff, 0xfe, 0xff, 0xd4, 0x0, 0x2f,
    0xc1, 0xdf, 0x31, 0x8f, 0xff, 0x80, 0x4, 0xdf,
    0xf9, 0xe, 0xff, 0xff, 0xff, 0xf6, 0xfa, 0x20,
    0x0, 0x0, 0x6f, 0x40, 0xef, 0xdd, 0xff, 0xfd,
    0x24, 0x33, 0x33, 0x33, 0x33, 0x40, 0x0, 0x0,
    0xc, 0xf2, 0x0, 0xcf, 0xff, 0xff, 0xff, 0xff,
    0x0, 0x0, 0x0, 0xcf, 0x20, 0x8, 0xaa, 0xaf,
    0xfd, 0xaa, 0xa0, 0x0, 0x2, 0x5f, 0xff, 0xf5,
    0x0, 0x0, 0xef, 0x20, 0x0, 0x1, 0xdf, 0xff,
    0xff, 0xfd, 0x40, 0x0, 0xe, 0xf2, 0x0, 0x0,
    0xf, 0xfc, 0x9f, 0xf2, 0x0, 0x0, 0x0, 0xef,
    0x20, 0x0, 0x0, 0x10, 0x0, 0xcf, 0x20, 0x0,
    0x0, 0xe, 0xf2, 0x0, 0x0, 0x0, 0x0, 0xc,
    0xf2, 0xa, 0xaa, 0xaa, 0xff, 0xda, 0xaa, 0x90,
    0x0, 0x0, 0xcf, 0x20, 0xff, 0xff, 0xff, 0xff,
    0xff, 0xfe, 0x0, 0x0, 0xc, 0xf2, 0xf, 0xff,
    0xff, 0xff, 0xff, 0xff, 0xe0,

    /* U+8FC7 "过" */
    0x0, 0x0, 0x0, 0x0, 0x0, 0x0, 0x0, 0x2,
    0xba, 0x0, 0x0, 0x1, 0xbc, 0x0, 0x0, 0x0,
    0x0, 0x0, 0x3, 0xfe, 0x0, 0x0, 0x1, 0xdf,
    0xc0, 0x0, 0x0, 0x0, 0x0, 0x3, 0xfe, 0x0,
    0x0, 0x0, 0x1d, 0xfb, 0x0, 0x0, 0x0, 0x0,
    0x3, 0xfe, 0x0, 0x0, 0x0, 0x2, 0xff, 0x48,
    0xee, 0xee, 0xee, 0xef, 0xff, 0xee, 0xb0, 0x0,
    0x0, 0x54, 0x9, 0xff, 0xff, 0xff, 0xff, 0xff,
    0xff, 0xc0, 0x0, 0x0, 0x0, 0x0, 0x11, 0x11,
    0x11, 0x14, 0xff, 0x11, 0x0, 0x0, 0x0, 0x0,
    0x0, 0x1, 0x0, 0x0, 0x3, 0xfe, 0x0, 0x0,
    0x2, 0x22, 0x22, 0x0, 0x5f, 0x90, 0x0, 0x3,
    0xfe, 0x0, 0x0, 0xf, 0xff, 0xfe, 0x0, 0x2f,
    0xf5, 0x0, 0x3, 0xfe, 0x0, 0x0, 0xb, 0xcd,
    0xfe, 0x0, 0x5, 0xfe, 0x10, 0x3, 0xfe, 0x0,
    0x0, 0x0, 0x1, 0xfe, 0x0, 0x0, 0xaf, 0xb0,
    0x3, 0xfe, 0x0, 0x0, 0x0, 0x1, 0xfe, 0x0,
    0x0, 0x1e, 0x70, 0x3, 0xfe, 0x0, 0x0, 0x0,
    0x1, 0xfe, 0x0, 0x0, 0x0, 0x0, 0x3, 0xfe,
    0x0, 0x0, 0x0, 0x1, 0xfe, 0x0, 0x0, 0x0,
    0x21, 0x16, 0xfe, 0x0, 0x0, 0x0, 0x1, 0xff,
    0x0, 0x0, 0x1, 0xff, 0xff, 0xfb, 0x0, 0x0,
    0x0, 0x3e, 0xff, 0x80, 0x0, 0x0, 0xbf, 0xed,
    0x91, 0x0, 0x0, 0x5, 0xff, 0xde, 0xfd, 0x62,
    0x0, 0x0, 0x0, 0x0, 0x12, 0x31, 0x2f, 0xfa,
    0x1, 0xaf, 0xff, 0xfe, 0xed, 0xee, 0xff, 0xff,
    0xf1, 0x9, 0xd0, 0x0, 0x3, 0x9e, 0xff, 0xff,
    0xff, 0xff, 0xff, 0xd0, 0x0, 0x20, 0x0, 0x0,
    0x0, 0x1, 0x22, 0x22, 0x11, 0x0, 0x0,

    /* U+8FD4 "返" */
    0x0, 0x0, 0x0, 0x0, 0x0, 0x0, 0x0, 0x0,
    0x0, 0x11, 0x0, 0x0, 0x69, 0x0, 0x0, 0x0,
    0x12, 0x45, 0x79, 0xbe, 0xfd, 0x20, 0x1, 0xef,
    0x90, 0x0, 0x4f, 0xff, 0xff, 0xff, 0xff, 0xeb,
    0x60, 0x0, 0x3f, 0xf9, 0x0, 0x3f, 0xfb, 0xa9,
    0x75, 0x31, 0x0, 0x0, 0x0, 0x5, 0xff, 0x30,
    0x3f, 0xd0, 0x0, 0x0, 0x0, 0x0, 0x0, 0x0,
    0x0, 0x63, 0x0, 0x3f, 0xf2, 0x22, 0x22, 0x22,
    0x30, 0x0, 0x0, 0x0, 0x0, 0x0, 0x3f, 0xff,
    0xff, 0xff, 0xff, 0xff, 0x0, 0x0, 0x0, 0x0,
    0x0, 0x4f, 0xf9, 0x99, 0x99, 0x9e, 0xfc, 0x0,
    0x9, 0xbb, 0xba, 0x0, 0x5f, 0xc0, 0x20, 0x0,
    0xb, 0xf6, 0x0, 0xd, 0xff, 0xfe, 0x0, 0x5f,
    0xb8, 0xf7, 0x0, 0x3f, 0xf0, 0x0, 0x3, 0x46,
    0xfe, 0x0, 0x7f, 0x84, 0xff, 0xa0, 0xcf, 0x80,
    0x0, 0x0, 0x2, 0xfe, 0x0, 0xaf, 0x60, 0x3e,
    0xff, 0xfe, 0x0, 0x0, 0x0, 0x2, 0xfe, 0x0,
    0xef, 0x30, 0x2, 0xff, 0xf5, 0x0, 0x0, 0x0,
    0x2, 0xfe, 0x5, 0xfe, 0x0, 0x9, 0xff, 0xfe,
    0x20, 0x0, 0x0, 0x2, 0xfe, 0xd, 0xf9, 0x4,
    0xdf, 0xf7, 0xcf, 0xe3, 0x0, 0x0, 0x2, 0xfe,
    0x6f, 0xf1, 0xbf, 0xfd, 0x30, 0xb, 0xff, 0x10,
    0x0, 0x8, 0xff, 0x5, 0x60, 0x5f, 0x80, 0x0,
    0x0, 0xc7, 0x0, 0x0, 0x9f, 0xff, 0xc1, 0x0,
    0x0, 0x0, 0x0, 0x0, 0x0, 0x0, 0x7, 0xfe,
    0x27, 0xff, 0x83, 0x0, 0x0, 0x0, 0x0, 0x13,
    0x84, 0x1f, 0xf4, 0x0, 0x4e, 0xff, 0xff, 0xee,
    0xee, 0xff, 0xff, 0xf1, 0x7, 0xb0, 0x0, 0x0,
    0x6b, 0xef, 0xff, 0xff, 0xff, 0xfe, 0xc0, 0x0,
    0x10, 0x0, 0x0, 0x0, 0x0, 0x11, 0x11, 0x0,
    0x0, 0x0,

    /* U+8FDB "进" */
    0x0, 0x1, 0x0, 0x0, 0x0, 0x34, 0x10, 0x0,
    0x43, 0x0, 0x0, 0x1, 0xde, 0x20, 0x0, 0x0,
    0xcf, 0x50, 0x2, 0xfe, 0x0, 0x0, 0x0, 0xaf,
    0xe2, 0x0, 0x0, 0xcf, 0x50, 0x2, 0xfe, 0x0,
    0x0, 0x0, 0xb, 0xfe, 0x20, 0x0, 0xcf, 0x50,
    0x2, 0xfe, 0x0, 0x0, 0x0, 0x0, 0xcf, 0x4a,
    0xee, 0xff, 0xfe, 0xef, 0xff, 0xee, 0x90, 0x0,
    0x0, 0x12, 0xb, 0xff, 0xff, 0xff, 0xff, 0xff,
    0xff, 0xa0, 0x0, 0x0, 0x0, 0x1, 0x11, 0xef,
    0x61, 0x13, 0xff, 0x11, 0x10, 0x0, 0x0, 0x0,
    0x0, 0x0, 0xcf, 0x50, 0x2, 0xfe, 0x0, 0x0,
    0x9, 0xaa, 0xa9, 0x0, 0x0, 0xcf, 0x40, 0x2,
    0xfe, 0x0, 0x0, 0xf, 0xff, 0xfe, 0x0, 0x0,
    0xef, 0x40, 0x2, 0xff, 0x0, 0x0, 0x5, 0x67,
    0xfe, 0x7, 0xff, 0xff, 0xff, 0xff, 0xff, 0xff,
    0xf1, 0x0, 0x1, 0xfe, 0x7, 0xff, 0xff, 0xff,
    0xff, 0xff, 0xff, 0xf0, 0x0, 0x1, 0xfe, 0x0,
    0x4, 0xfd, 0x0, 0x2, 0xfe, 0x0, 0x0, 0x0,
    0x1, 0xfe, 0x0, 0xa, 0xf9, 0x0, 0x2, 0xfe,
    0x0, 0x0, 0x0, 0x1, 0xfe, 0x0, 0x3f, 0xf3,
    0x0, 0x2, 0xfe, 0x0, 0x0, 0x0, 0x1, 0xfe,
    0x2, 0xef, 0xb0, 0x0, 0x2, 0xfe, 0x0, 0x0,
    0x0, 0x7, 0xff, 0x11, 0xdd, 0x10, 0x0, 0x2,
    0xfe, 0x0, 0x0, 0x0, 0x8f, 0xff, 0xe3, 0x11,
    0x0, 0x0, 0x0, 0x44, 0x0, 0x0, 0x7, 0xfe,
    0x13, 0xef, 0x93, 0x0, 0x0, 0x0, 0x0, 0x14,
    0x95, 0x1f, 0xf4, 0x0, 0x2c, 0xff, 0xfe, 0xdd,
    0xde, 0xef, 0xff, 0xf2, 0x8, 0xa0, 0x0, 0x0,
    0x5a, 0xef, 0xff, 0xff, 0xff, 0xfe, 0xd0, 0x0,
    0x10, 0x0, 0x0, 0x0, 0x0, 0x1, 0x11, 0x0,
    0x0, 0x0,

    /* U+9000 "退" */
    0x0, 0x0, 0x0, 0x0, 0x0, 0x0, 0x0, 0x0,
    0x0, 0x0, 0x0, 0x1, 0xbc, 0x10, 0x0, 0x3f,
    0xff, 0xff, 0xff, 0xff, 0xf0, 0x0, 0x0, 0xbf,
    0xe2, 0x0, 0x3f, 0xfb, 0xbb, 0xbb, 0xbf, 0xf0,
    0x0, 0x0, 0xa, 0xfe, 0x20, 0x3f, 0xf0, 0x0,
    0x0, 0xf, 0xf0, 0x0, 0x0, 0x0, 0xbb, 0x10,
    0x3f, 0xff, 0xff, 0xff, 0xff, 0xf0, 0x0, 0x0,
    0x0, 0x0, 0x0, 0x3f, 0xf7, 0x77, 0x77, 0x7f,
    0xf0, 0x0, 0x0, 0x0, 0x0, 0x0, 0x3f, 0xe0,
    0x0, 0x0, 0xf, 0xf0, 0x0, 0xc, 0xee, 0xec,
    0x0, 0x3f, 0xff, 0xff, 0xff, 0xff, 0xf0, 0x0,
    0xe, 0xff, 0xfe, 0x0, 0x3f, 0xfa, 0xaa, 0xaa,
    0xaa, 0xb5, 0x0, 0x0, 0x2, 0xfe, 0x0, 0x3f,
    0xe0, 0x9, 0x60, 0x3, 0xef, 0x60, 0x0, 0x1,
    0xfe, 0x0, 0x3f, 0xe0, 0x2d, 0xfa, 0x8f, 0xf9,
    0x0, 0x0, 0x1, 0xfe, 0x0, 0x3f, 0xe0, 0x1,
    0xbf, 0xfe, 0x30, 0x0, 0x0, 0x1, 0xfe, 0x0,
    0x3f, 0xe0, 0x3, 0x29, 0xfe, 0x20, 0x0, 0x0,
    0x1, 0xfe, 0x0, 0x6f, 0xfb, 0xff, 0x60, 0x8f,
    0xe3, 0x0, 0x0, 0x1, 0xfe, 0x2, 0xff, 0xff,
    0xe9, 0x30, 0x7, 0xfe, 0x10, 0x0, 0x3, 0xff,
    0x10, 0xfc, 0x62, 0x0, 0x0, 0x0, 0x97, 0x0,
    0x0, 0x4f, 0xff, 0xe3, 0x0, 0x0, 0x0, 0x0,
    0x0, 0x0, 0x0, 0x4, 0xff, 0x53, 0xdf, 0x93,
    0x0, 0x0, 0x0, 0x0, 0x15, 0xa3, 0xe, 0xf5,
    0x0, 0xa, 0xff, 0xfd, 0xcc, 0xcc, 0xde, 0xff,
    0xf0, 0x9, 0xa0, 0x0, 0x0, 0x39, 0xdf, 0xff,
    0xff, 0xff, 0xfe, 0xc0, 0x0, 0x10, 0x0, 0x0,
    0x0, 0x0, 0x1, 0x11, 0x0, 0x0, 0x0,

    /* U+9009 "选" */
    0x0, 0x0, 0x0, 0x0, 0x0, 0x0, 0x79, 0x10,
    0x0, 0x0, 0x0, 0xa7, 0x0, 0x0, 0x8, 0xc4,
    0xd, 0xf3, 0x0, 0x0, 0x0, 0x4f, 0xf8, 0x0,
    0x0, 0xef, 0x30, 0xdf, 0x30, 0x0, 0x0, 0x0,
    0x4f, 0xf7, 0x0, 0x5f, 0xfb, 0xbf, 0xfe, 0xbb,
    0xbb, 0x0, 0x0, 0x5f, 0xf2, 0xd, 0xff, 0xff,
    0xff, 0xff, 0xff, 0xf1, 0x0, 0x0, 0x74, 0x8,
    0xfd, 0x10, 0xe, 0xf4, 0x0, 0x0, 0x0, 0x0,
    0x0, 0x0, 0x8f, 0x40, 0x0, 0xdf, 0x30, 0x0,
    0x0, 0x0, 0x0, 0x0, 0x0, 0x20, 0x0, 0xd,
    0xf3, 0x0, 0x0, 0x0, 0x0, 0x0, 0x0, 0xee,
    0xee, 0xee, 0xff, 0xfe, 0xee, 0xee, 0xa, 0xff,
    0xfe, 0xf, 0xff, 0xff, 0xff, 0xff, 0xff, 0xff,
    0xf0, 0x9e, 0xef, 0xe0, 0x0, 0x5, 0xfc, 0x3,
    0xfd, 0x0, 0x0, 0x0, 0x1, 0xfe, 0x0, 0x0,
    0x8f, 0x90, 0x3f, 0xd0, 0x0, 0x0, 0x0, 0x1f,
    0xe0, 0x0, 0xe, 0xf4, 0x3, 0xfd, 0x0, 0x20,
    0x0, 0x1, 0xfe, 0x0, 0x9, 0xfd, 0x0, 0x3f,
    0xd0, 0xa, 0xd2, 0x0, 0x1f, 0xe0, 0x1a, 0xff,
    0x30, 0x2, 0xfe, 0x11, 0xcf, 0x10, 0x1, 0xfe,
    0x2f, 0xff, 0x50, 0x0, 0x1f, 0xff, 0xff, 0xd0,
    0x0, 0x1f, 0xf5, 0x8a, 0x20, 0x0, 0x0, 0x6c,
    0xcc, 0xb4, 0x0, 0x1b, 0xff, 0xf8, 0x0, 0x0,
    0x0, 0x0, 0x0, 0x0, 0x0, 0x1c, 0xfc, 0x4a,
    0xfc, 0x51, 0x0, 0x0, 0x0, 0x0, 0x38, 0x2b,
    0xfd, 0x10, 0x7, 0xff, 0xff, 0xed, 0xee, 0xef,
    0xff, 0xe0, 0x3f, 0x20, 0x0, 0x2, 0x9d, 0xff,
    0xff, 0xff, 0xff, 0xeb, 0x0, 0x10, 0x0, 0x0,
    0x0, 0x0, 0x11, 0x11, 0x0, 0x0, 0x0,

    /* U+901A "通" */
    0x0, 0x41, 0x0, 0x0, 0x9a, 0xaa, 0xaa, 0xaa,
    0xaa, 0xf6, 0x0, 0x5, 0xfd, 0x20, 0x0, 0xcf,
    0xff, 0xff, 0xff, 0xff, 0xfd, 0x0, 0x0, 0xbf,
    0xe3, 0x0, 0x0, 0x28, 0x20, 0x2, 0xcf, 0xb1,
    0x0, 0x0, 0xa, 0xfe, 0x30, 0x0, 0xaf, 0xfc,
    0xdf, 0xf7, 0x0, 0x0, 0x0, 0x0, 0xbf, 0x30,
    0x0, 0x2, 0x9f, 0xff, 0x80, 0x0, 0x0, 0x0,
    0x0, 0x2, 0x0, 0xcd, 0xdd, 0xdf, 0xff, 0xff,
    0xff, 0x30, 0x0, 0x0, 0x0, 0x0, 0xff, 0xbb,
    0xbf, 0xfe, 0xdb, 0xff, 0x40, 0x5, 0x55, 0x54,
    0x0, 0xff, 0x0, 0xc, 0xf1, 0x0, 0x9f, 0x40,
    0xf, 0xff, 0xfe, 0x0, 0xff, 0xff, 0xff, 0xff,
    0xff, 0xff, 0x40, 0x9, 0x9a, 0xfe, 0x0, 0xff,
    0x88, 0x8f, 0xfa, 0x88, 0xff, 0x40, 0x0, 0x1,
    0xfe, 0x0, 0xff, 0x0, 0xc, 0xf1, 0x0, 0x9f,
    0x40, 0x0, 0x1, 0xfe, 0x0, 0xff, 0x99, 0x9f,
    0xfb, 0x99, 0xff, 0x40, 0x0, 0x1, 0xfe, 0x0,
    0xff, 0xff, 0xff, 0xff, 0xff, 0xff, 0x40, 0x0,
    0x1, 0xfe, 0x0, 0xff, 0x0, 0xc, 0xf1, 0x0,
    0x9f, 0x40, 0x0, 0x1, 0xfe, 0x0, 0xff, 0x0,
    0xc, 0xf1, 0x0, 0xaf, 0x40, 0x0, 0x2, 0xff,
    0x0, 0xff, 0x0, 0xc, 0xf1, 0xbf, 0xff, 0x20,
    0x0, 0x3e, 0xff, 0xa0, 0x88, 0x0, 0x4, 0x50,
    0x49, 0x83, 0x0, 0x3, 0xff, 0xaa, 0xfd, 0x50,
    0x0, 0x0, 0x0, 0x0, 0x0, 0x21, 0xe, 0xf8,
    0x0, 0x6f, 0xff, 0xdc, 0xbb, 0xbb, 0xcd, 0xef,
    0xf1, 0x8, 0xc0, 0x0, 0x1, 0x7c, 0xef, 0xff,
    0xff, 0xff, 0xff, 0xc0, 0x0, 0x10, 0x0, 0x0,
    0x0, 0x0, 0x1, 0x10, 0x0, 0x0, 0x0,

    /* U+907F "避" */
    0x0, 0x0, 0x0, 0x0, 0x0, 0x0, 0x0, 0x0,
    0x0, 0x0, 0x0, 0x0, 0x0, 0x0, 0x0, 0x0,
    0x0, 0x0, 0x6, 0xf4, 0x0, 0x0, 0x8, 0xf5,
    0x0, 0xf, 0xff, 0xff, 0xc0, 0x2, 0xfb, 0x0,
    0x0, 0x4, 0xff, 0x40, 0xf, 0xfa, 0xaf, 0xc9,
    0xff, 0xff, 0xff, 0xc0, 0x0, 0x6f, 0xf2, 0xf,
    0xc0, 0xf, 0xc7, 0xbb, 0xcb, 0xbb, 0x90, 0x0,
    0xa, 0xe3, 0xf, 0xc0, 0xf, 0xc0, 0x7d, 0x0,
    0xae, 0x10, 0x0, 0x1, 0x0, 0xf, 0xfb, 0xbf,
    0xc0, 0x5f, 0x30, 0xfb, 0x0, 0x0, 0x0, 0x0,
    0xf, 0xff, 0xff, 0xb0, 0x2f, 0x55, 0xf4, 0x0,
    0x1, 0x11, 0x10, 0x2f, 0x90, 0x0, 0x9, 0xbc,
    0xcf, 0xfb, 0xb0, 0x3f, 0xff, 0xf1, 0x4f, 0x81,
    0x11, 0xc, 0xff, 0xff, 0xff, 0xf0, 0x2d, 0xdf,
    0xf1, 0x6f, 0xff, 0xff, 0xe0, 0x0, 0xef, 0x0,
    0x0, 0x0, 0xd, 0xf1, 0xaf, 0xfa, 0x7c, 0xe0,
    0x0, 0xef, 0x0, 0x0, 0x0, 0xd, 0xf2, 0xfe,
    0xf5, 0x9, 0xe8, 0xff, 0xff, 0xff, 0xc0, 0x0,
    0xd, 0xf8, 0xf9, 0xf5, 0x9, 0xe5, 0xaa, 0xff,
    0xaa, 0x80, 0x0, 0xd, 0xfe, 0xf2, 0xf5, 0x9,
    0xe0, 0x0, 0xef, 0x0, 0x0, 0x0, 0xd, 0xf2,
    0x51, 0xfa, 0x7c, 0xe0, 0x0, 0xef, 0x0, 0x0,
    0x0, 0xf, 0xf6, 0x1, 0xff, 0xff, 0xe0, 0x0,
    0xef, 0x0, 0x0, 0x0, 0xaf, 0xff, 0x80, 0x11,
    0x11, 0x10, 0x0, 0x45, 0x0, 0x0, 0xa, 0xff,
    0xbf, 0xfc, 0x50, 0x0, 0x0, 0x0, 0x0, 0x0,
    0x31, 0x5f, 0xf4, 0x2, 0xbf, 0xff, 0xec, 0xcb,
    0xcc, 0xdd, 0xef, 0xf0, 0xd, 0x60, 0x0, 0x4,
    0x9d, 0xff, 0xff, 0xff, 0xff, 0xfe, 0xb0, 0x1,
    0x0, 0x0, 0x0, 0x0, 0x0, 0x11, 0x11, 0x0,
    0x0, 0x0,

    /* U+90E8 "部" */
    0x0, 0x0, 0x1, 0x0, 0x0, 0x0, 0x0, 0x0,
    0x0, 0x0, 0x0, 0x0, 0x8, 0xf7, 0x0, 0x0,
    0x0, 0x0, 0x0, 0x0, 0x0, 0x0, 0x0, 0x5f,
    0xf0, 0x0, 0x0, 0x2f, 0xff, 0xff, 0xfa, 0x5,
    0xff, 0xff, 0xff, 0xff, 0xff, 0x22, 0xff, 0xee,
    0xff, 0xb0, 0x4d, 0xdd, 0xde, 0xdd, 0xed, 0xd1,
    0x2f, 0xb0, 0xb, 0xf4, 0x0, 0xc, 0xe0, 0x0,
    0xf, 0xd1, 0x2, 0xfb, 0x1, 0xfe, 0x0, 0x0,
    0xaf, 0x60, 0x5, 0xfc, 0x0, 0x2f, 0xb0, 0x6f,
    0x80, 0x0, 0x4, 0xfc, 0x0, 0xaf, 0x50, 0x2,
    0xfb, 0xb, 0xf2, 0x0, 0x0, 0x1f, 0xb0, 0x2f,
    0xf1, 0x0, 0x2f, 0xb1, 0xfb, 0x0, 0xf, 0xff,
    0xff, 0xff, 0xff, 0xff, 0xa2, 0xfb, 0x2f, 0xc0,
    0x0, 0xdd, 0xdd, 0xdd, 0xdd, 0xdd, 0xd8, 0x2f,
    0xb0, 0x6f, 0x90, 0x0, 0x0, 0x0, 0x0, 0x0,
    0x0, 0x2, 0xfb, 0x0, 0xdf, 0x10, 0x2, 0x33,
    0x33, 0x33, 0x33, 0x20, 0x2f, 0xb0, 0x7, 0xf7,
    0x0, 0xcf, 0xff, 0xff, 0xff, 0xfb, 0x2, 0xfb,
    0x0, 0x4f, 0xa0, 0xc, 0xfb, 0xbb, 0xbb, 0xcf,
    0xb0, 0x2f, 0xb0, 0x3, 0xfb, 0x0, 0xcf, 0x20,
    0x0, 0x5, 0xfb, 0x2, 0xfb, 0x0, 0x8f, 0x90,
    0xc, 0xf2, 0x0, 0x0, 0x5f, 0xb0, 0x2f, 0xba,
    0xff, 0xf4, 0x0, 0xcf, 0x30, 0x0, 0x6, 0xfb,
    0x2, 0xfb, 0x5d, 0xb5, 0x0, 0xc, 0xff, 0xff,
    0xff, 0xff, 0xb0, 0x2f, 0xb0, 0x0, 0x0, 0x0,
    0xcf, 0xec, 0xcc, 0xcf, 0xfb, 0x2, 0xfb, 0x0,
    0x0, 0x0, 0xc, 0xf2, 0x0, 0x0, 0x5f, 0xb0,
    0x2f, 0xb0, 0x0, 0x0, 0x0,

    /* U+91CD "重" */
    0x0, 0x0, 0x0, 0x0, 0x0, 0x0, 0x0, 0x0,
    0x0, 0x0, 0x0, 0x0, 0x0, 0x12, 0x34, 0x57,
    0x8a, 0xce, 0xb0, 0x0, 0x0, 0xdf, 0xff, 0xff,
    0xff, 0xfc, 0xba, 0x86, 0x40, 0x0, 0x0, 0x23,
    0x22, 0x10, 0x2f, 0xe0, 0x0, 0x0, 0x0, 0x0,
    0x8a, 0xaa, 0xaa, 0xaa, 0xdf, 0xfa, 0xaa, 0xaa,
    0xaa, 0xa8, 0xdf, 0xff, 0xff, 0xff, 0xff, 0xff,
    0xff, 0xff, 0xff, 0xfc, 0x0, 0x0, 0x0, 0x0,
    0x2f, 0xe0, 0x0, 0x0, 0x0, 0x0, 0x0, 0xbf,
    0xff, 0xff, 0xff, 0xff, 0xff, 0xff, 0xf4, 0x0,
    0x0, 0xcf, 0x97, 0x77, 0xaf, 0xf7, 0x77, 0x7e,
    0xf4, 0x0, 0x0, 0xcf, 0x41, 0x11, 0x4f, 0xf1,
    0x11, 0x1d, 0xf4, 0x0, 0x0, 0xcf, 0xff, 0xff,
    0xff, 0xff, 0xff, 0xff, 0xf4, 0x0, 0x0, 0xcf,
    0x63, 0x33, 0x6f, 0xf3, 0x33, 0x3d, 0xf4, 0x0,
    0x0, 0xcf, 0x86, 0x66, 0x9f, 0xf6, 0x66, 0x6e,
    0xf4, 0x0, 0x0, 0xcf, 0xff, 0xff, 0xff, 0xff,
    0xff, 0xff, 0xf4, 0x0, 0x0, 0x0, 0x0, 0x0,
    0x3f, 0xf0, 0x0, 0x0, 0x0, 0x0, 0x3, 0xaa,
    0xaa, 0xaa, 0xdf, 0xfa, 0xaa, 0xaa, 0xaa, 0x50,
    0x4, 0xff, 0xff, 0xff, 0xff, 0xff, 0xff, 0xff,
    0xff, 0x70, 0x0, 0x0, 0x0, 0x0, 0x2f, 0xe0,
    0x0, 0x0, 0x0, 0x0, 0xab, 0xbb, 0xbb, 0xbb,
    0xef, 0xfb, 0xbb, 0xbb, 0xbb, 0xba, 0xff, 0xff,
    0xff, 0xff, 0xff, 0xff, 0xff, 0xff, 0xff, 0xff,
    0xff, 0xff, 0xff, 0xff, 0xff, 0xff, 0xff, 0xff,
    0xff, 0xff,

    /* U+9501 "锁" */
    0x0, 0x2, 0x40, 0x0, 0x0, 0x0, 0x0, 0xaa,
    0x0, 0x0, 0x0, 0x0, 0x9, 0xf6, 0x0, 0x1,
    0x84, 0x0, 0xff, 0x0, 0x37, 0x20, 0x0, 0x1f,
    0xf1, 0x0, 0x1, 0xfe, 0x0, 0xff, 0x0, 0xbf,
    0x40, 0x0, 0xaf, 0xff, 0xff, 0xf2, 0x6f, 0x80,
    0xff, 0x3, 0xfa, 0x0, 0x5, 0xff, 0xdd, 0xdd,
    0xd1, 0xd, 0xf1, 0xff, 0xc, 0xe1, 0x0, 0x3f,
    0xf4, 0x0, 0x0, 0x0, 0x5, 0x50, 0xff, 0x6,
    0x40, 0x0, 0xe, 0xb6, 0x66, 0x66, 0x40, 0xef,
    0xff, 0xff, 0xff, 0xff, 0x0, 0x2, 0xaf, 0xff,
    0xff, 0xb0, 0xff, 0xff, 0xff, 0xff, 0xff, 0x0,
    0x0, 0x47, 0xff, 0x87, 0x50, 0xff, 0x11, 0x11,
    0x11, 0xff, 0x0, 0x0, 0x0, 0xcf, 0x10, 0x0,
    0xff, 0x0, 0xff, 0x0, 0xff, 0x0, 0x0, 0x0,
    0xcf, 0x10, 0x0, 0xff, 0x0, 0xff, 0x0, 0xff,
    0x0, 0x7, 0xdd, 0xff, 0xed, 0xc0, 0xff, 0x0,
    0xff, 0x0, 0xff, 0x0, 0x9, 0xff, 0xff, 0xff,
    0xf0, 0xff, 0x0, 0xff, 0x0, 0xff, 0x0, 0x0,
    0x0, 0xdf, 0x20, 0x0, 0xff, 0x2, 0xfd, 0x0,
    0xff, 0x0, 0x0, 0x0, 0xcf, 0x10, 0x0, 0xff,
    0x4, 0xfc, 0x0, 0xff, 0x0, 0x0, 0x0, 0xcf,
    0x10, 0x0, 0xff, 0xa, 0xf8, 0x0, 0xff, 0x0,
    0x0, 0x0, 0xcf, 0x17, 0xb0, 0x88, 0x4f, 0xf3,
    0x30, 0x78, 0x0, 0x0, 0x0, 0xef, 0xff, 0xe0,
    0x5, 0xff, 0x7c, 0xfc, 0x40, 0x0, 0x0, 0x7,
    0xff, 0xf9, 0x13, 0xbf, 0xf8, 0x2, 0xaf, 0xfc,
    0x30, 0x0, 0xf, 0xfb, 0x20, 0x9f, 0xfe, 0x50,
    0x0, 0x4, 0xdf, 0xf1, 0x0, 0x4, 0x60, 0x0,
    0x1b, 0x60, 0x0, 0x0, 0x0, 0x7, 0x50,

    /* U+95E8 "门" */
    0x0, 0x47, 0x0, 0x0, 0x0, 0x0, 0x0, 0x0,
    0x0, 0x0, 0x2, 0xff, 0x50, 0xf, 0xff, 0xff,
    0xff, 0xff, 0xff, 0xf2, 0x0, 0x6f, 0xf2, 0x1f,
    0xff, 0xff, 0xff, 0xff, 0xff, 0xf2, 0x0, 0xb,
    0xfd, 0x0, 0x0, 0x0, 0x0, 0x0, 0xf, 0xf2,
    0x0, 0x1, 0xef, 0x30, 0x0, 0x0, 0x0, 0x0,
    0xf, 0xf2, 0x1c, 0xc0, 0x53, 0x0, 0x0, 0x0,
    0x0, 0x0, 0xf, 0xf2, 0x1f, 0xf0, 0x0, 0x0,
    0x0, 0x0, 0x0, 0x0, 0xf, 0xf2, 0x1f, 0xf0,
    0x0, 0x0, 0x0, 0x0, 0x0, 0x0, 0xf, 0xf2,
    0x1f, 0xf0, 0x0, 0x0, 0x0, 0x0, 0x0, 0x0,
    0xf, 0xf2, 0x1f, 0xf0, 0x0, 0x0, 0x0, 0x0,
    0x0, 0x0, 0xf, 0xf2, 0x1f, 0xf0, 0x0, 0x0,
    0x0, 0x0, 0x0, 0x0, 0xf, 0xf2, 0x1f, 0xf0,
    0x0, 0x0, 0x0, 0x0, 0x0, 0x0, 0xf, 0xf2,
    0x1f, 0xf0, 0x0, 0x0, 0x0, 0x0, 0x0, 0x0,
    0xf, 0xf2, 0x1f, 0xf0, 0x0, 0x0, 0x0, 0x0,
    0x0, 0x0, 0xf, 0xf2, 0x1f, 0xf0, 0x0, 0x0,
    0x0, 0x0, 0x0, 0x0, 0xf, 0xf2, 0x1f, 0xf0,
    0x0, 0x0, 0x0, 0x0, 0x0, 0x0, 0xf, 0xf2,
    0x1f, 0xf0, 0x0, 0x0, 0x0, 0x0, 0x0, 0x0,
    0xf, 0xf2, 0x1f, 0xf0, 0x0, 0x0, 0x0, 0x0,
    0x0, 0x0, 0xf, 0xf2, 0x1f, 0xf0, 0x0, 0x0,
    0x0, 0x0, 0x0, 0x0, 0xf, 0xf2, 0x1f, 0xf0,
    0x0, 0x0, 0x0, 0x0, 0xb, 0xee, 0xef, 0xf0,
    0x1f, 0xf0, 0x0, 0x0, 0x0, 0x0, 0x6, 0xff,
    0xfd, 0x50, 0x0, 0x0, 0x0, 0x0, 0x0, 0x0,
    0x0, 0x0, 0x0, 0x0,

    /* U+95EF "闯" */
    0x0, 0x15, 0x0, 0x0, 0x0, 0x0, 0x0, 0x0,
    0x0, 0x0, 0x0, 0xef, 0x60, 0x3d, 0xdd, 0xdd,
    0xdd, 0xdd, 0xdf, 0xd1, 0x0, 0x5f, 0xf5, 0x3f,
    0xff, 0xff, 0xff, 0xff, 0xff, 0xf2, 0x0, 0x8,
    0xff, 0x20, 0x0, 0x0, 0x0, 0x0, 0xf, 0xf2,
    0x0, 0x0, 0xd9, 0x10, 0x0, 0x0, 0x0, 0x0,
    0xe, 0xf2, 0x1e, 0xd0, 0xd, 0xdd, 0xdd, 0xdd,
    0xff, 0x0, 0xe, 0xf2, 0x1f, 0xe0, 0xf, 0xff,
    0xff, 0xff, 0xff, 0x0, 0xe, 0xf2, 0x1f, 0xe0,
    0x0, 0x44, 0x0, 0x0, 0xff, 0x0, 0xe, 0xf2,
    0x1f, 0xe0, 0x0, 0xef, 0x0, 0x0, 0xfe, 0x0,
    0xe, 0xf2, 0x1f, 0xe0, 0x0, 0xfc, 0x0, 0x2,
    0xfd, 0x0, 0xe, 0xf2, 0x1f, 0xe0, 0x3, 0xfb,
    0x11, 0x16, 0xfd, 0x21, 0xe, 0xf2, 0x1f, 0xe0,
    0x7, 0xff, 0xff, 0xff, 0xff, 0xfb, 0xe, 0xf2,
    0x1f, 0xe0, 0x5, 0xaa, 0x88, 0x89, 0xbe, 0xfa,
    0xe, 0xf2, 0x1f, 0xe0, 0x0, 0x0, 0x0, 0x0,
    0x4, 0xf9, 0xe, 0xf2, 0x1f, 0xe0, 0xbc, 0xcc,
    0xcc, 0xcc, 0x16, 0xf7, 0xe, 0xf2, 0x1f, 0xe0,
    0xef, 0xff, 0xff, 0xff, 0x28, 0xf5, 0xe, 0xf2,
    0x1f, 0xe0, 0x0, 0x0, 0x0, 0x0, 0xc, 0xf2,
    0xe, 0xf2, 0x1f, 0xe0, 0x0, 0x0, 0x4, 0x87,
    0x9f, 0xe0, 0xe, 0xf2, 0x1f, 0xe0, 0x0, 0x0,
    0x3, 0xff, 0xfe, 0x50, 0xe, 0xf2, 0x1f, 0xe0,
    0x0, 0x0, 0x0, 0x22, 0x10, 0x3a, 0xaf, 0xf1,
    0x1f, 0xe0, 0x0, 0x0, 0x0, 0x0, 0x0, 0xf,
    0xfe, 0x80, 0x0, 0x0, 0x0, 0x0, 0x0, 0x0,
    0x0, 0x0, 0x0, 0x0,

    /* U+969C "障" */
    0x0, 0x0, 0x0, 0x0, 0x0, 0x0, 0x0, 0x0,
    0x0, 0x0, 0x0, 0x0, 0x0, 0x0, 0x0, 0x3,
    0xca, 0x0, 0x0, 0x0, 0xcf, 0xff, 0xff, 0xd7,
    0xff, 0xff, 0xff, 0xff, 0xff, 0xd0, 0xcf, 0xee,
    0xff, 0x74, 0xaa, 0xda, 0xfb, 0xae, 0xba, 0x80,
    0xcf, 0x10, 0xdf, 0x10, 0x6, 0xf6, 0x0, 0x4f,
    0xc0, 0x0, 0xcf, 0x13, 0xfb, 0x39, 0x9a, 0xfd,
    0x99, 0xff, 0xd9, 0x95, 0xcf, 0x19, 0xf4, 0x5f,
    0xff, 0xff, 0xff, 0xff, 0xff, 0xf9, 0xcf, 0x1f,
    0xf0, 0x0, 0x0, 0x0, 0x0, 0x0, 0x0, 0x0,
    0xcf, 0x18, 0xf9, 0x0, 0xce, 0xee, 0xee, 0xee,
    0xee, 0x20, 0xcf, 0x10, 0xdf, 0x20, 0xef, 0x77,
    0x77, 0x77, 0xef, 0x30, 0xcf, 0x10, 0x6f, 0x80,
    0xef, 0x22, 0x22, 0x22, 0xdf, 0x30, 0xcf, 0x10,
    0x2f, 0xb0, 0xef, 0xff, 0xff, 0xff, 0xff, 0x30,
    0xcf, 0x10, 0x1f, 0xc0, 0xef, 0x21, 0x11, 0x11,
    0xdf, 0x30, 0xcf, 0x21, 0x7f, 0xa0, 0xef, 0xaa,
    0xaa, 0xaa, 0xef, 0x30, 0xcf, 0x6f, 0xff, 0x50,
    0xab, 0xbb, 0xff, 0xdb, 0xbb, 0x20, 0xcf, 0x2a,
    0x95, 0x0, 0x0, 0x0, 0xef, 0x20, 0x0, 0x0,
    0xcf, 0x10, 0x0, 0x4f, 0xff, 0xff, 0xff, 0xff,
    0xff, 0xfa, 0xcf, 0x10, 0x0, 0x3c, 0xcc, 0xcc,
    0xff, 0xfc, 0xcc, 0xc8, 0xcf, 0x10, 0x0, 0x0,
    0x0, 0x0, 0xef, 0x20, 0x0, 0x0, 0xcf, 0x10,
    0x0, 0x0, 0x0, 0x0, 0xef, 0x20, 0x0, 0x0,
    0xbf, 0x10, 0x0, 0x0, 0x0, 0x0, 0xef, 0x20,
    0x0, 0x0,

    /* U+9762 "面" */
    0xcf, 0xff, 0xff, 0xff, 0xff, 0xff, 0xff, 0xff,
    0xff, 0xfe, 0xbf, 0xff, 0xff, 0xff, 0xff, 0xff,
    0xff, 0xff, 0xff, 0xfe, 0x0, 0x0, 0x0, 0x0,
    0x9f, 0xb0, 0x0, 0x0, 0x0, 0x0, 0x0, 0x0,
    0x0, 0x0, 0xdf, 0x60, 0x0, 0x0, 0x0, 0x0,
    0xc, 0xee, 0xee, 0xef, 0xff, 0xfe, 0xee, 0xee,
    0xee, 0xc0, 0xd, 0xff, 0xff, 0xff, 0xff, 0xff,
    0xff, 0xff, 0xff, 0xd0, 0xd, 0xf3, 0x1, 0xfd,
    0x0, 0x1, 0xfd, 0x0, 0x4f, 0xd0, 0xd, 0xf3,
    0x1, 0xfd, 0x0, 0x1, 0xfd, 0x0, 0x4f, 0xd0,
    0xd, 0xf3, 0x1, 0xff, 0xbb, 0xbc, 0xfd, 0x0,
    0x4f, 0xd0, 0xd, 0xf3, 0x1, 0xff, 0xff, 0xff,
    0xfd, 0x0, 0x4f, 0xd0, 0xd, 0xf3, 0x1, 0xfd,
    0x0, 0x1, 0xfd, 0x0, 0x4f, 0xd0, 0xd, 0xf3,
    0x1, 0xfd, 0x0, 0x1, 0xfd, 0x0, 0x4f, 0xd0,
    0xd, 0xf3, 0x1, 0xff, 0xff, 0xff, 0xfd, 0x0,
    0x4f, 0xd0, 0xd, 0xf3, 0x1, 0xff, 0x99, 0x9b,
    0xfd, 0x0, 0x4f, 0xd0, 0xd, 0xf3, 0x1, 0xfd,
    0x0, 0x1, 0xfd, 0x0, 0x4f, 0xd0, 0xd, 0xf3,
    0x1, 0xfd, 0x0, 0x1, 0xfd, 0x0, 0x4f, 0xd0,
    0xd, 0xff, 0xff, 0xff, 0xff, 0xff, 0xff, 0xff,
    0xff, 0xd0, 0xd, 0xff, 0xee, 0xee, 0xee, 0xee,
    0xee, 0xee, 0xff, 0xd0, 0xd, 0xf3, 0x0, 0x0,
    0x0, 0x0, 0x0, 0x0, 0x4f, 0xd0,

    /* U+98DE "飞" */
    0xdf, 0xff, 0xff, 0xff, 0xff, 0xff, 0xf7, 0x0,
    0x0, 0x0, 0xd, 0xff, 0xff, 0xff, 0xff, 0xff,
    0xff, 0x70, 0x0, 0x30, 0x0, 0x22, 0x22, 0x22,
    0x22, 0x22, 0x2c, 0xf7, 0x0, 0x3f, 0xe2, 0x0,
    0x0, 0x0, 0x0, 0x0, 0x0, 0x9f, 0x80, 0x2e,
    0xf9, 0x0, 0x0, 0x0, 0x0, 0x0, 0x0, 0x8,
    0xf8, 0x3e, 0xf9, 0x0, 0x0, 0x0, 0x0, 0x0,
    0x0, 0x0, 0x7f, 0xde, 0xf8, 0x0, 0x0, 0x0,
    0x0, 0x0, 0x0, 0x0, 0x6, 0xff, 0xf6, 0x0,
    0x0, 0x0, 0x0, 0x0, 0x0, 0x0, 0x0, 0x6f,
    0xff, 0x70, 0x0, 0x0, 0x0, 0x0, 0x0, 0x0,
    0x0, 0x4, 0xff, 0xff, 0xd4, 0x0, 0x0, 0x0,
    0x0, 0x0, 0x0, 0x0, 0x2f, 0xe2, 0xbf, 0xfa,
    0x10, 0x0, 0x0, 0x0, 0x0, 0x0, 0x1, 0xff,
    0x0, 0x5e, 0xf7, 0x0, 0x0, 0x0, 0x0, 0x0,
    0x0, 0xe, 0xf3, 0x0, 0x1a, 0x0, 0x0, 0x0,
    0x0, 0x0, 0x0, 0x0, 0xbf, 0x60, 0x0, 0x0,
    0x0, 0x0, 0x0, 0x0, 0x0, 0x0, 0x8, 0xfa,
    0x0, 0x7, 0x20, 0x0, 0x0, 0x0, 0x0, 0x0,
    0x0, 0x4f, 0xf1, 0x0, 0xaf, 0x0, 0x0, 0x0,
    0x0, 0x0, 0x0, 0x0, 0xef, 0x80, 0xc, 0xe0,
    0x0, 0x0, 0x0, 0x0, 0x0, 0x0, 0x6, 0xff,
    0x73, 0xfb, 0x0, 0x0, 0x0, 0x0, 0x0, 0x0,
    0x0, 0xb, 0xff, 0xff, 0x70, 0x0, 0x0, 0x0,
    0x0, 0x0, 0x0, 0x0, 0x8, 0xef, 0xb0, 0x0,

    /* U+9AD8 "高" */
    0x0, 0x0, 0x0, 0x0, 0x3a, 0x90, 0x0, 0x0,
    0x0, 0x0, 0x0, 0x0, 0x0, 0x0, 0x3f, 0xf1,
    0x0, 0x0, 0x0, 0x0, 0x89, 0x99, 0x99, 0x99,
    0x9f, 0xff, 0x99, 0x99, 0x99, 0x94, 0xef, 0xff,
    0xff, 0xff, 0xff, 0xff, 0xff, 0xff, 0xff, 0xf7,
    0x22, 0x22, 0x22, 0x22, 0x22, 0x22, 0x22, 0x22,
    0x22, 0x21, 0x0, 0x5, 0x88, 0x88, 0x88, 0x88,
    0x88, 0x88, 0x60, 0x0, 0x0, 0xa, 0xff, 0xff,
    0xff, 0xff, 0xff, 0xff, 0xc0, 0x0, 0x0, 0xa,
    0xf7, 0x0, 0x0, 0x0, 0x0, 0x6f, 0xc0, 0x0,
    0x0, 0xa, 0xfb, 0x66, 0x66, 0x66, 0x66, 0xaf,
    0xc0, 0x0, 0x0, 0xa, 0xff, 0xff, 0xff, 0xff,
    0xff, 0xff, 0xc0, 0x0, 0x0, 0x0, 0x0, 0x0,
    0x0, 0x0, 0x0, 0x0, 0x0, 0x0, 0x2f, 0xff,
    0xff, 0xff, 0xff, 0xff, 0xff, 0xff, 0xff, 0xf0,
    0x2f, 0xfc, 0xcc, 0xcc, 0xcc, 0xcc, 0xcc, 0xcc,
    0xcf, 0xf0, 0x2f, 0xe0, 0x1, 0x21, 0x11, 0x11,
    0x11, 0x0, 0xf, 0xf0, 0x2f, 0xe0, 0xe, 0xff,
    0xff, 0xff, 0xff, 0x90, 0xf, 0xf0, 0x2f, 0xe0,
    0xe, 0xf7, 0x66, 0x66, 0x8f, 0x90, 0xf, 0xf0,
    0x2f, 0xe0, 0xe, 0xf1, 0x0, 0x0, 0x4f, 0x90,
    0xf, 0xf0, 0x2f, 0xe0, 0xe, 0xff, 0xff, 0xff,
    0xff, 0x90, 0xf, 0xf0, 0x2f, 0xe0, 0xe, 0xf9,
    0x88, 0x88, 0x88, 0x50, 0xf, 0xf0, 0x2f, 0xe0,
    0x8, 0x90, 0x0, 0x0, 0x0, 0x47, 0x8f, 0xf0,
    0x2f, 0xe0, 0x0, 0x0, 0x0, 0x0, 0x0, 0x4f,
    0xfe, 0x70, 0x0, 0x0, 0x0, 0x0, 0x0, 0x0,
    0x0, 0x0, 0x0, 0x0
};


/*---------------------
 *  GLYPH DESCRIPTION
 *--------------------*/

static const lv_font_fmt_txt_glyph_dsc_t glyph_dsc[] = {
    {.bitmap_index = 0, .adv_w = 0, .box_w = 0, .box_h = 0, .ofs_x = 0, .ofs_y = 0} /* id = 0 reserved */,
    {.bitmap_index = 0, .adv_w = 79, .box_w = 0, .box_h = 0, .ofs_x = 0, .ofs_y = 0},
    {.bitmap_index = 0, .adv_w = 121, .box_w = 4, .box_h = 17, .ofs_x = 2, .ofs_y = 0},
    {.bitmap_index = 34, .adv_w = 182, .box_w = 9, .box_h = 8, .ofs_x = 1, .ofs_y = 10},
    {.bitmap_index = 70, .adv_w = 201, .box_w = 12, .box_h = 17, .ofs_x = 0, .ofs_y = 0},
    {.bitmap_index = 172, .adv_w = 201, .box_w = 11, .box_h = 23, .ofs_x = 1, .ofs_y = -3},
    {.bitmap_index = 299, .adv_w = 331, .box_w = 20, .box_h = 17, .ofs_x = 0, .ofs_y = 0},
    {.bitmap_index = 469, .adv_w = 249, .box_w = 16, .box_h = 17, .ofs_x = 0, .ofs_y = 0},
    {.bitmap_index = 605, .adv_w = 105, .box_w = 4, .box_h = 8, .ofs_x = 1, .ofs_y = 10},
    {.bitmap_index = 621, .adv_w = 125, .box_w = 6, .box_h = 25, .ofs_x = 1, .ofs_y = -5},
    {.bitmap_index = 696, .adv_w = 125, .box_w = 5, .box_h = 25, .ofs_x = 1, .ofs_y = -5},
    {.bitmap_index = 759, .adv_w = 170, .box_w = 9, .box_h = 9, .ofs_x = 1, .ofs_y = 9},
    {.bitmap_index = 800, .adv_w = 201, .box_w = 12, .box_h = 12, .ofs_x = 0, .ofs_y = 3},
    {.bitmap_index = 872, .adv_w = 105, .box_w = 5, .box_h = 9, .ofs_x = 1, .ofs_y = -5},
    {.bitmap_index = 895, .adv_w = 126, .box_w = 6, .box_h = 2, .ofs_x = 1, .ofs_y = 6},
    {.bitmap_index = 901, .adv_w = 105, .box_w = 4, .box_h = 4, .ofs_x = 1, .ofs_y = 0},
    {.bitmap_index = 909, .adv_w = 137, .box_w = 9, .box_h = 23, .ofs_x = 0, .ofs_y = -5},
    {.bitmap_index = 1013, .adv_w = 201, .box_w = 11, .box_h = 17, .ofs_x = 1, .ofs_y = 0},
    {.bitmap_index = 1107, .adv_w = 201, .box_w = 11, .box_h = 17, .ofs_x = 1, .ofs_y = 0},
    {.bitmap_index = 1201, .adv_w = 201, .box_w = 12, .box_h = 17, .ofs_x = 0, .ofs_y = 0},
    {.bitmap_index = 1303, .adv_w = 201, .box_w = 12, .box_h = 17, .ofs_x = 0, .ofs_y = 0},
    {.bitmap_index = 1405, .adv_w = 201, .box_w = 12, .box_h = 17, .ofs_x = 0, .ofs_y = 0},
    {.bitmap_index = 1507, .adv_w = 201, .box_w = 12, .box_h = 17, .ofs_x = 0, .ofs_y = 0},
    {.bitmap_index = 1609, .adv_w = 201, .box_w = 11, .box_h = 17, .ofs_x = 1, .ofs_y = 0},
    {.bitmap_index = 1703, .adv_w = 201, .box_w = 11, .box_h = 17, .ofs_x = 1, .ofs_y = 0},
    {.bitmap_index = 1797, .adv_w = 201, .box_w = 11, .box_h = 17, .ofs_x = 1, .ofs_y = 0},
    {.bitmap_index = 1891, .adv_w = 201, .box_w = 12, .box_h = 17, .ofs_x = 0, .ofs_y = 0},
    {.bitmap_index = 1993, .adv_w = 105, .box_w = 4, .box_h = 13, .ofs_x = 1, .ofs_y = 0},
    {.bitmap_index = 2019, .adv_w = 105, .box_w = 5, .box_h = 18, .ofs_x = 1, .ofs_y = -5},
    {.bitmap_index = 2064, .adv_w = 201, .box_w = 12, .box_h = 12, .ofs_x = 0, .ofs_y = 3},
    {.bitmap_index = 2136, .adv_w = 201, .box_w = 12, .box_h = 8, .ofs_x = 0, .ofs_y = 5},
    {.bitmap_index = 2184, .adv_w = 201, .box_w = 12, .box_h = 12, .ofs_x = 0, .ofs_y = 3},
    {.bitmap_index = 2256, .adv_w = 173, .box_w = 10, .box_h = 17, .ofs_x = 0, .ofs_y = 0},
    {.bitmap_index = 2341, .adv_w = 342, .box_w = 20, .box_h = 21, .ofs_x = 1, .ofs_y = -4},
    {.bitmap_index = 2551, .adv_w = 219, .box_w = 14, .box_h = 17, .ofs_x = 0, .ofs_y = 0},
    {.bitmap_index = 2670, .adv_w = 235, .box_w = 12, .box_h = 17, .ofs_x = 2, .ofs_y = 0},
    {.bitmap_index = 2772, .adv_w = 227, .box_w = 13, .box_h = 17, .ofs_x = 1, .ofs_y = 0},
    {.bitmap_index = 2883, .adv_w = 246, .box_w = 13, .box_h = 17, .ofs_x = 2, .ofs_y = 0},
    {.bitmap_index = 2994, .adv_w = 211, .box_w = 10, .box_h = 17, .ofs_x = 2, .ofs_y = 0},
    {.bitmap_index = 3079, .adv_w = 199, .box_w = 10, .box_h = 17, .ofs_x = 2, .ofs_y = 0},
    {.bitmap_index = 3164, .adv_w = 247, .box_w = 13, .box_h = 17, .ofs_x = 1, .ofs_y = 0},
    {.bitmap_index = 3275, .adv_w = 261, .box_w = 13, .box_h = 17, .ofs_x = 2, .ofs_y = 0},
    {.bitmap_index = 3386, .adv_w = 109, .box_w = 3, .box_h = 17, .ofs_x = 2, .ofs_y = 0},
    {.bitmap_index = 3412, .adv_w = 193, .box_w = 11, .box_h = 17, .ofs_x = 0, .ofs_y = 0},
    {.bitmap_index = 3506, .adv_w = 234, .box_w = 13, .box_h = 17, .ofs_x = 2, .ofs_y = 0},
    {.bitmap_index = 3617, .adv_w = 196, .box_w = 10, .box_h = 17, .ofs_x = 2, .ofs_y = 0},
    {.bitmap_index = 3702, .adv_w = 292, .box_w = 15, .box_h = 17, .ofs_x = 2, .ofs_y = 0},
    {.bitmap_index = 3830, .adv_w = 258, .box_w = 13, .box_h = 17, .ofs_x = 2, .ofs_y = 0},
    {.bitmap_index = 3941, .adv_w = 265, .box_w = 15, .box_h = 17, .ofs_x = 1, .ofs_y = 0},
    {.bitmap_index = 4069, .adv_w = 228, .box_w = 12, .box_h = 17, .ofs_x = 2, .ofs_y = 0},
    {.bitmap_index = 4171, .adv_w = 265, .box_w = 15, .box_h = 21, .ofs_x = 1, .ofs_y = -4},
    {.bitmap_index = 4329, .adv_w = 231, .box_w = 12, .box_h = 17, .ofs_x = 2, .ofs_y = 0},
    {.bitmap_index = 4431, .adv_w = 214, .box_w = 13, .box_h = 17, .ofs_x = 0, .ofs_y = 0},
    {.bitmap_index = 4542, .adv_w = 215, .box_w = 13, .box_h = 17, .ofs_x = 0, .ofs_y = 0},
    {.bitmap_index = 4653, .adv_w = 258, .box_w = 13, .box_h = 17, .ofs_x = 2, .ofs_y = 0},
    {.bitmap_index = 4764, .adv_w = 209, .box_w = 15, .box_h = 17, .ofs_x = -1, .ofs_y = 0},
    {.bitmap_index = 4892, .adv_w = 315, .box_w = 20, .box_h = 17, .ofs_x = 0, .ofs_y = 0},
    {.bitmap_index = 5062, .adv_w = 210, .box_w = 13, .box_h = 17, .ofs_x = 0, .ofs_y = 0},
    {.bitmap_index = 5173, .adv_w = 195, .box_w = 14, .box_h = 17, .ofs_x = -1, .ofs_y = 0},
    {.bitmap_index = 5292, .adv_w = 214, .box_w = 12, .box_h = 17, .ofs_x = 1, .ofs_y = 0},
    {.bitmap_index = 5394, .adv_w = 125, .box_w = 5, .box_h = 23, .ofs_x = 2, .ofs_y = -5},
    {.bitmap_index = 5452, .adv_w = 137, .box_w = 9, .box_h = 23, .ofs_x = 0, .ofs_y = -5},
    {.bitmap_index = 5556, .adv_w = 125, .box_w = 6, .box_h = 23, .ofs_x = 0, .ofs_y = -5},
    {.bitmap_index = 5625, .adv_w = 201, .box_w = 11, .box_h = 10, .ofs_x = 1, .ofs_y = 7},
    {.bitmap_index = 5680, .adv_w = 198, .box_w = 13, .box_h = 2, .ofs_x = 0, .ofs_y = -3},
    {.bitmap_index = 5693, .adv_w = 216, .box_w = 7, .box_h = 7, .ofs_x = 2, .ofs_y = 14},
    {.bitmap_index = 5718, .adv_w = 202, .box_w = 10, .box_h = 13, .ofs_x = 1, .ofs_y = 0},
    {.bitmap_index = 5783, .adv_w = 221, .box_w = 12, .box_h = 18, .ofs_x = 1, .ofs_y = 0},
    {.bitmap_index = 5891, .adv_w = 182, .box_w = 10, .box_h = 13, .ofs_x = 1, .ofs_y = 0},
    {.bitmap_index = 5956, .adv_w = 222, .box_w = 11, .box_h = 18, .ofs_x = 1, .ofs_y = 0},
    {.bitmap_index = 6055, .adv_w = 199, .box_w = 11, .box_h = 13, .ofs_x = 1, .ofs_y = 0},
    {.bitmap_index = 6127, .adv_w = 122, .box_w = 9, .box_h = 18, .ofs_x = 0, .ofs_y = 0},
    {.bitmap_index = 6208, .adv_w = 203, .box_w = 12, .box_h = 18, .ofs_x = 1, .ofs_y = -5},
    {.bitmap_index = 6316, .adv_w = 219, .box_w = 11, .box_h = 18, .ofs_x = 1, .ofs_y = 0},
    {.bitmap_index = 6415, .adv_w = 101, .box_w = 4, .box_h = 18, .ofs_x = 1, .ofs_y = 0},
    {.bitmap_index = 6451, .adv_w = 102, .box_w = 7, .box_h = 23, .ofs_x = -2, .ofs_y = -5},
    {.bitmap_index = 6532, .adv_w = 202, .box_w = 12, .box_h = 18, .ofs_x = 1, .ofs_y = 0},
    {.bitmap_index = 6640, .adv_w = 105, .box_w = 5, .box_h = 18, .ofs_x = 1, .ofs_y = 0},
    {.bitmap_index = 6685, .adv_w = 332, .box_w = 18, .box_h = 13, .ofs_x = 1, .ofs_y = 0},
    {.bitmap_index = 6802, .adv_w = 220, .box_w = 11, .box_h = 13, .ofs_x = 1, .ofs_y = 0},
    {.bitmap_index = 6874, .adv_w = 216, .box_w = 12, .box_h = 13, .ofs_x = 1, .ofs_y = 0},
    {.bitmap_index = 6952, .adv_w = 222, .box_w = 12, .box_h = 18, .ofs_x = 1, .ofs_y = -5},
    {.bitmap_index = 7060, .adv_w = 222, .box_w = 11, .box_h = 18, .ofs_x = 1, .ofs_y = -5},
    {.bitmap_index = 7159, .adv_w = 144, .box_w = 9, .box_h = 13, .ofs_x = 1, .ofs_y = 0},
    {.bitmap_index = 7218, .adv_w = 169, .box_w = 10, .box_h = 13, .ofs_x = 0, .ofs_y = 0},
    {.bitmap_index = 7283, .adv_w = 139, .box_w = 9, .box_h = 17, .ofs_x = 0, .ofs_y = 0},
    {.bitmap_index = 7360, .adv_w = 218, .box_w = 11, .box_h = 13, .ofs_x = 1, .ofs_y = 0},
    {.bitmap_index = 7432, .adv_w = 192, .box_w = 12, .box_h = 13, .ofs_x = 0, .ofs_y = 0},
    {.bitmap_index = 7510, .adv_w = 292, .box_w = 18, .box_h = 13, .ofs_x = 0, .ofs_y = 0},
    {.bitmap_index = 7627, .adv_w = 185, .box_w = 12, .box_h = 13, .ofs_x = 0, .ofs_y = 0},
    {.bitmap_index = 7705, .adv_w = 191, .box_w = 12, .box_h = 18, .ofs_x = 0, .ofs_y = -5},
    {.bitmap_index = 7813, .adv_w = 173, .box_w = 11, .box_h = 13, .ofs_x = 0, .ofs_y = 0},
    {.bitmap_index = 7885, .adv_w = 125, .box_w = 7, .box_h = 23, .ofs_x = 0, .ofs_y = -5},
    {.bitmap_index = 7966, .adv_w = 99, .box_w = 2, .box_h = 26, .ofs_x = 2, .ofs_y = -6},
    {.bitmap_index = 7992, .adv_w = 125, .box_w = 7, .box_h = 23, .ofs_x = 0, .ofs_y = -5},
    {.bitmap_index = 8073, .adv_w = 201, .box_w = 12, .box_h = 4, .ofs_x = 0, .ofs_y = 7},
    {.bitmap_index = 8097, .adv_w = 352, .box_w = 6, .box_h = 6, .ofs_x = 8, .ofs_y = 6},
    {.bitmap_index = 8115, .adv_w = 352, .box_w = 8, .box_h = 8, .ofs_x = 0, .ofs_y = -2},
    {.bitmap_index = 8147, .adv_w = 352, .box_w = 22, .box_h = 3, .ofs_x = 0, .ofs_y = 7},
    {.bitmap_index = 8180, .adv_w = 352, .box_w = 21, .box_h = 19, .ofs_x = 1, .ofs_y = -2},
    {.bitmap_index = 8380, .adv_w = 352, .box_w = 18, .box_h = 21, .ofs_x = 2, .ofs_y = -3},
    {.bitmap_index = 8569, .adv_w = 352, .box_w = 20, .box_h = 22, .ofs_x = 1, .ofs_y = -3},
    {.bitmap_index = 8789, .adv_w = 352, .box_w = 22, .box_h = 21, .ofs_x = 0, .ofs_y = -2},
    {.bitmap_index = 9020, .adv_w = 352, .box_w = 22, .box_h = 20, .ofs_x = 0, .ofs_y = -2},
    {.bitmap_index = 9240, .adv_w = 352, .box_w = 21, .box_h = 22, .ofs_x = 0, .ofs_y = -3},
    {.bitmap_index = 9471, .adv_w = 352, .box_w = 22, .box_h = 22, .ofs_x = 0, .ofs_y = -3},
    {.bitmap_index = 9713, .adv_w = 352, .box_w = 22, .box_h = 22, .ofs_x = 0, .ofs_y = -2},
    {.bitmap_index = 9955, .adv_w = 352, .box_w = 22, .box_h = 22, .ofs_x = 0, .ofs_y = -3},
    {.bitmap_index = 10197, .adv_w = 352, .box_w = 21, .box_h = 20, .ofs_x = 1, .ofs_y = -3},
    {.bitmap_index = 10407, .adv_w = 352, .box_w = 22, .box_h = 21, .ofs_x = 0, .ofs_y = -2},
    {.bitmap_index = 10638, .adv_w = 352, .box_w = 18, .box_h = 21, .ofs_x = 2, .ofs_y = -2},
    {.bitmap_index = 10827, .adv_w = 352, .box_w = 20, .box_h = 21, .ofs_x = 1, .ofs_y = -2},
    {.bitmap_index = 11037, .adv_w = 352, .box_w = 20, .box_h = 21, .ofs_x = 1, .ofs_y = -2},
    {.bitmap_index = 11247, .adv_w = 352, .box_w = 20, .box_h = 21, .ofs_x = 1, .ofs_y = -2},
    {.bitmap_index = 11457, .adv_w = 352, .box_w = 21, .box_h = 22, .ofs_x = 0, .ofs_y = -3},
    {.bitmap_index = 11688, .adv_w = 352, .box_w = 20, .box_h = 21, .ofs_x = 1, .ofs_y = -2},
    {.bitmap_index = 11898, .adv_w = 352, .box_w = 20, .box_h = 21, .ofs_x = 1, .ofs_y = -3},
    {.bitmap_index = 12108, .adv_w = 352, .box_w = 20, .box_h = 19, .ofs_x = 1, .ofs_y = -2},
    {.bitmap_index = 12298, .adv_w = 352, .box_w = 20, .box_h = 20, .ofs_x = 1, .ofs_y = -2},
    {.bitmap_index = 12498, .adv_w = 352, .box_w = 20, .box_h = 20, .ofs_x = 1, .ofs_y = -2},
    {.bitmap_index = 12698, .adv_w = 352, .box_w = 22, .box_h = 22, .ofs_x = 0, .ofs_y = -3},
    {.bitmap_index = 12940, .adv_w = 352, .box_w = 22, .box_h = 21, .ofs_x = 0, .ofs_y = -2},
    {.bitmap_index = 13171, .adv_w = 352, .box_w = 21, .box_h = 22, .ofs_x = 0, .ofs_y = -3},
    {.bitmap_index = 13402, .adv_w = 352, .box_w = 22, .box_h = 22, .ofs_x = 0, .ofs_y = -3},
    {.bitmap_index = 13644, .adv_w = 352, .box_w = 22, .box_h = 22, .ofs_x = 0, .ofs_y = -3},
    {.bitmap_index = 13886, .adv_w = 352, .box_w = 21, .box_h = 20, .ofs_x = 0, .ofs_y = -3},
    {.bitmap_index = 14096, .adv_w = 352, .box_w = 21, .box_h = 19, .ofs_x = 1, .ofs_y = -2},
    {.bitmap_index = 14296, .adv_w = 352, .box_w = 22, .box_h = 21, .ofs_x = 0, .ofs_y = -2},
    {.bitmap_index = 14527, .adv_w = 352, .box_w = 22, .box_h = 21, .ofs_x = 0, .ofs_y = -2},
    {.bitmap_index = 14758, .adv_w = 352, .box_w = 21, .box_h = 20, .ofs_x = 0, .ofs_y = -3},
    {.bitmap_index = 14968, .adv_w = 352, .box_w = 18, .box_h = 21, .ofs_x = 2, .ofs_y = -2},
    {.bitmap_index = 15157, .adv_w = 352, .box_w = 22, .box_h = 22, .ofs_x = 0, .ofs_y = -3},
    {.bitmap_index = 15399, .adv_w = 352, .box_w = 21, .box_h = 22, .ofs_x = 1, .ofs_y = -3},
    {.bitmap_index = 15630, .adv_w = 352, .box_w = 22, .box_h = 22, .ofs_x = 0, .ofs_y = -3},
    {.bitmap_index = 15872, .adv_w = 352, .box_w = 22, .box_h = 22, .ofs_x = 0, .ofs_y = -3},
    {.bitmap_index = 16114, .adv_w = 352, .box_w = 22, .box_h = 22, .ofs_x = 0, .ofs_y = -3},
    {.bitmap_index = 16356, .adv_w = 352, .box_w = 22, .box_h = 22, .ofs_x = 0, .ofs_y = -3},
    {.bitmap_index = 16598, .adv_w = 352, .box_w = 22, .box_h = 21, .ofs_x = 0, .ofs_y = -2},
    {.bitmap_index = 16829, .adv_w = 352, .box_w = 20, .box_h = 22, .ofs_x = 1, .ofs_y = -3},
    {.bitmap_index = 17049, .adv_w = 352, .box_w = 21, .box_h = 20, .ofs_x = 1, .ofs_y = -2},
    {.bitmap_index = 17259, .adv_w = 352, .box_w = 22, .box_h = 21, .ofs_x = 0, .ofs_y = -2},
    {.bitmap_index = 17490, .adv_w = 352, .box_w = 22, .box_h = 21, .ofs_x = 0, .ofs_y = -2},
    {.bitmap_index = 17721, .adv_w = 352, .box_w = 22, .box_h = 21, .ofs_x = 0, .ofs_y = -2},
    {.bitmap_index = 17952, .adv_w = 352, .box_w = 22, .box_h = 21, .ofs_x = 0, .ofs_y = -2},
    {.bitmap_index = 18183, .adv_w = 352, .box_w = 22, .box_h = 21, .ofs_x = 0, .ofs_y = -2},
    {.bitmap_index = 18414, .adv_w = 352, .box_w = 22, .box_h = 22, .ofs_x = 0, .ofs_y = -3},
    {.bitmap_index = 18656, .adv_w = 352, .box_w = 21, .box_h = 21, .ofs_x = 1, .ofs_y = -2},
    {.bitmap_index = 18877, .adv_w = 352, .box_w = 22, .box_h = 20, .ofs_x = 0, .ofs_y = -2},
    {.bitmap_index = 19097, .adv_w = 352, .box_w = 20, .box_h = 20, .ofs_x = 1, .ofs_y = -1},
    {.bitmap_index = 19297, .adv_w = 352, .box_w = 20, .box_h = 22, .ofs_x = 1, .ofs_y = -3},
    {.bitmap_index = 19517, .adv_w = 352, .box_w = 21, .box_h = 21, .ofs_x = 0, .ofs_y = -2},
    {.bitmap_index = 19738, .adv_w = 352, .box_w = 21, .box_h = 21, .ofs_x = 0, .ofs_y = -2},
    {.bitmap_index = 19959, .adv_w = 352, .box_w = 22, .box_h = 20, .ofs_x = 0, .ofs_y = -1},
    {.bitmap_index = 20179, .adv_w = 352, .box_w = 21, .box_h = 21, .ofs_x = 0, .ofs_y = -2},
    {.bitmap_index = 20400, .adv_w = 352, .box_w = 22, .box_h = 22, .ofs_x = 0, .ofs_y = -3},
    {.bitmap_index = 20642, .adv_w = 352, .box_w = 21, .box_h = 20, .ofs_x = 0, .ofs_y = -2},
    {.bitmap_index = 20852, .adv_w = 352, .box_w = 20, .box_h = 21, .ofs_x = 1, .ofs_y = -2},
    {.bitmap_index = 21062, .adv_w = 352, .box_w = 22, .box_h = 22, .ofs_x = 0, .ofs_y = -3},
    {.bitmap_index = 21304, .adv_w = 352, .box_w = 22, .box_h = 22, .ofs_x = 0, .ofs_y = -3},
    {.bitmap_index = 21546, .adv_w = 352, .box_w = 21, .box_h = 21, .ofs_x = 1, .ofs_y = -2},
    {.bitmap_index = 21767, .adv_w = 352, .box_w = 22, .box_h = 22, .ofs_x = 0, .ofs_y = -3},
    {.bitmap_index = 22009, .adv_w = 352, .box_w = 21, .box_h = 21, .ofs_x = 0, .ofs_y = -2},
    {.bitmap_index = 22230, .adv_w = 352, .box_w = 22, .box_h = 21, .ofs_x = 0, .ofs_y = -2},
    {.bitmap_index = 22461, .adv_w = 352, .box_w = 22, .box_h = 22, .ofs_x = 0, .ofs_y = -3},
    {.bitmap_index = 22703, .adv_w = 352, .box_w = 22, .box_h = 22, .ofs_x = 0, .ofs_y = -3},
    {.bitmap_index = 22945, .adv_w = 352, .box_w = 22, .box_h = 21, .ofs_x = 0, .ofs_y = -3},
    {.bitmap_index = 23176, .adv_w = 352, .box_w = 21, .box_h = 22, .ofs_x = 1, .ofs_y = -3},
    {.bitmap_index = 23407, .adv_w = 352, .box_w = 22, .box_h = 21, .ofs_x = 0, .ofs_y = -3},
    {.bitmap_index = 23638, .adv_w = 352, .box_w = 22, .box_h = 22, .ofs_x = 0, .ofs_y = -3},
    {.bitmap_index = 23880, .adv_w = 352, .box_w = 21, .box_h = 21, .ofs_x = 1, .ofs_y = -2},
    {.bitmap_index = 24101, .adv_w = 352, .box_w = 20, .box_h = 21, .ofs_x = 1, .ofs_y = -2},
    {.bitmap_index = 24311, .adv_w = 352, .box_w = 22, .box_h = 21, .ofs_x = 0, .ofs_y = -2},
    {.bitmap_index = 24542, .adv_w = 352, .box_w = 20, .box_h = 22, .ofs_x = 1, .ofs_y = -3},
    {.bitmap_index = 24762, .adv_w = 352, .box_w = 20, .box_h = 22, .ofs_x = 1, .ofs_y = -3},
    {.bitmap_index = 24982, .adv_w = 352, .box_w = 20, .box_h = 21, .ofs_x = 1, .ofs_y = -2},
    {.bitmap_index = 25192, .adv_w = 352, .box_w = 20, .box_h = 19, .ofs_x = 1, .ofs_y = -2},
    {.bitmap_index = 25382, .adv_w = 352, .box_w = 21, .box_h = 19, .ofs_x = 1, .ofs_y = -2},
    {.bitmap_index = 25582, .adv_w = 352, .box_w = 20, .box_h = 22, .ofs_x = 1, .ofs_y = -3}
};

/*---------------------
 *  CHARACTER MAPPING
 *--------------------*/

static const uint16_t unicode_list_1[] = {
    0x0, 0x2f4b, 0x4d49, 0x4d54, 0x4dcf, 0x4df7, 0x4ea2, 0x4f26,
    0x4fa5, 0x5092, 0x50b1, 0x50bc, 0x50d6, 0x510f, 0x5143, 0x5144,
    0x5196, 0x51b2, 0x51e8, 0x52aa, 0x5360, 0x5624, 0x5627, 0x564f,
    0x5850, 0x5898, 0x58c6, 0x5914, 0x5ad5, 0x5b98, 0x5d3b, 0x5d9e,
    0x5def, 0x5e49, 0x5e9c, 0x6159, 0x615f, 0x6232, 0x624a, 0x6252,
    0x6278, 0x64f9, 0x65cb, 0x6649, 0x6673, 0x66a8, 0x6785, 0x6795,
    0x6a6a, 0x6e4b, 0x7002, 0x77d6, 0x79c3, 0x79c8, 0x7a75, 0x7e1c,
    0x7e30, 0x7e36, 0x7f0e, 0x7f45, 0x81cb, 0x8795, 0x892c, 0x8b1e,
    0x8cc0, 0x8ec4, 0x8f10, 0x8f1d, 0x8f24, 0x8f49, 0x8f52, 0x8f63,
    0x8fc8, 0x9031, 0x9116, 0x944a, 0x9531, 0x9538, 0x95e5, 0x96ab,
    0x9827, 0x9a21
};

/*Collect the unicode lists and glyph_id offsets*/
static const lv_font_fmt_txt_cmap_t cmaps[] =
{
    {
        .range_start = 32, .range_length = 95, .glyph_id_start = 1,
        .unicode_list = NULL, .glyph_id_ofs_list = NULL, .list_length = 0, .type = LV_FONT_FMT_TXT_CMAP_FORMAT0_TINY
    },
    {
        .range_start = 183, .range_length = 39458, .glyph_id_start = 96,
        .unicode_list = unicode_list_1, .glyph_id_ofs_list = NULL, .list_length = 82, .type = LV_FONT_FMT_TXT_CMAP_SPARSE_TINY
    }
};

/*-----------------
 *    KERNING
 *----------------*/


/*Map glyph_ids to kern left classes*/
static const uint8_t kern_left_class_mapping[] =
{
    0, 0, 0, 1, 0, 0, 0, 0,
    1, 2, 0, 0, 0, 3, 4, 3,
    5, 0, 0, 0, 0, 0, 0, 0,
    0, 0, 0, 6, 6, 0, 0, 0,
    0, 0, 7, 8, 9, 10, 11, 12,
    13, 0, 0, 14, 15, 16, 0, 0,
    10, 17, 10, 18, 19, 20, 21, 22,
    23, 24, 25, 26, 2, 27, 0, 0,
    0, 0, 28, 29, 30, 0, 31, 32,
    33, 34, 0, 0, 35, 36, 34, 34,
    29, 29, 37, 38, 39, 40, 37, 41,
    42, 43, 44, 45, 2, 0, 0, 0,
    0, 0, 0, 0, 0, 0, 0, 0,
    0, 0, 0, 0, 0, 0, 0, 0,
    0, 0, 0, 0, 0, 0, 0, 0,
    0, 0, 0, 0, 0, 0, 0, 0,
    0, 0, 0, 0, 0, 0, 0, 0,
    0, 0, 0, 0, 0, 0, 0, 0,
    0, 0, 0, 0, 0, 0, 0, 0,
    0, 0, 0, 0, 0, 0, 0, 0,
    0, 0, 0, 0, 0, 0, 0, 0,
    0, 0, 0, 0, 0, 0, 0, 0,
    0, 0
};

/*Map glyph_ids to kern right classes*/
static const uint8_t kern_right_class_mapping[] =
{
    0, 0, 1, 2, 0, 0, 0, 0,
    2, 0, 3, 4, 0, 5, 6, 7,
    8, 0, 0, 0, 0, 0, 0, 0,
    0, 0, 0, 9, 10, 0, 0, 0,
    11, 0, 12, 0, 13, 0, 0, 0,
    13, 0, 0, 14, 0, 0, 0, 0,
    13, 0, 13, 0, 15, 16, 17, 18,
    19, 20, 21, 22, 0, 23, 3, 0,
    0, 0, 24, 0, 25, 25, 25, 26,
    27, 0, 28, 29, 0, 0, 30, 30,
    25, 30, 25, 30, 31, 32, 33, 34,
    35, 36, 37, 38, 0, 0, 3, 0,
    0, 0, 0, 0, 0, 0, 0, 0,
    0, 0, 0, 0, 0, 0, 0, 0,
    0, 0, 0, 0, 0, 0, 0, 0,
    0, 0, 0, 0, 0, 0, 0, 0,
    0, 0, 0, 0, 0, 0, 0, 0,
    0, 0, 0, 0, 0, 0, 0, 0,
    0, 0, 0, 0, 0, 0, 0, 0,
    0, 0, 0, 0, 0, 0, 0, 0,
    0, 0, 0, 0, 0, 0, 0, 0,
    0, 0, 0, 0, 0, 0, 0, 0,
    0, 0
};

/*Kern values between classes*/
static const int8_t kern_class_values[] =
{
    0, 0, 0, 0, -49, 0, -49, 0,
    0, 0, 0, -25, 0, -41, -5, 0,
    0, 0, 0, -5, 0, 0, 0, 0,
    -12, 0, 0, 0, 0, 0, -9, 0,
    0, 0, 0, 0, 0, 0, 0, 0,
    0, 0, 0, 0, 0, 0, 0, 0,
    0, 0, 0, -9, 0, 0, 0, 0,
    0, 0, 0, 0, 0, 0, 0, 0,
    0, 0, 30, 0, 0, 0, 0, 0,
    0, 0, 0, 0, 0, -43, 0, -59,
    0, 0, 0, 0, 0, 0, 0, 0,
    0, 0, 0, -40, -10, -28, -15, 0,
    -40, 0, 0, 0, -6, 0, 0, 0,
    10, 0, 0, -21, 0, -18, -12, 0,
    -9, 0, 0, 0, 0, 0, 0, 0,
    0, 0, 0, 0, 0, 0, 0, -9,
    -10, -21, 0, -9, -5, -13, -29, -9,
    0, 0, 0, 0, 0, 0, 0, 0,
    0, -11, 0, -5, 0, -7, 0, 0,
    0, 0, 0, 0, 0, 0, 0, 0,
    0, 0, 0, -17, -5, -33, 0, 0,
    0, 0, 0, 0, 0, 0, 0, -11,
    -12, 0, -5, 6, 6, 0, 0, 0,
    -9, 0, 0, 0, 0, 0, 0, 0,
    0, -19, 0, 0, 0, 0, 0, 0,
    0, 0, 0, 0, 0, 0, 0, 0,
    0, 0, -13, 0, 0, 0, 0, 0,
    0, 0, 0, 0, 0, 0, 0, 0,
    0, 0, 0, 0, 0, -25, 0, -37,
    0, 0, 0, 0, 0, 0, -13, -3,
    -5, 0, 0, -25, -7, -7, 0, -1,
    -7, -4, -17, 7, 0, -5, 0, 0,
    0, 0, 7, -7, -3, -5, -4, -4,
    -5, 0, 0, 0, 0, -13, 0, 0,
    0, 0, 0, 0, 0, 0, 0, -8,
    -7, -11, 0, -5, -4, -4, -7, -4,
    0, 0, 0, 0, 0, 0, 0, 0,
    0, -5, 0, -7, -5, -5, -7, 0,
    0, 0, 0, 0, 0, -13, 0, 0,
    0, 0, 0, 0, -14, -5, -11, -8,
    -7, -4, -4, -4, -5, -5, 0, 0,
    0, 0, -9, 0, 0, 0, 0, -13,
    -5, -7, -5, 0, -7, 0, 0, 0,
    0, -14, 0, 0, 0, -8, 0, 0,
    0, -5, 0, -19, 0, -11, 0, -5,
    -3, -10, -9, -9, 0, 0, 0, 0,
    0, 0, 0, 0, 0, 0, 0, 0,
    0, -7, 0, -5, 0, 0, 0, 0,
    0, 0, 0, 0, 0, 0, 0, 0,
    0, 0, 0, 0, 0, 0, 0, 0,
    0, 0, 0, 0, -5, 0, 0, 0,
    0, 0, 0, -11, 0, -5, 0, -15,
    -5, 0, 0, 0, 0, 0, -32, 0,
    -32, -27, 0, 0, 0, -17, -5, -56,
    -10, 0, 0, -1, -1, -11, -3, -13,
    0, -15, -7, 0, -11, 0, 0, -9,
    -10, -5, -8, -11, -9, -13, -9, -15,
    0, 0, 0, -12, 0, 0, 0, 0,
    0, 0, 0, -4, 0, 0, 0, -9,
    0, -7, -4, 0, 0, 0, 0, 0,
    0, 0, 0, 0, 0, 0, 0, 0,
    0, 0, 0, 0, 0, 0, 0, 0,
    0, 0, -11, 0, -11, 0, 0, 0,
    0, 0, 0, -17, 0, 0, 0, 0,
    0, 0, 0, 0, 0, 0, 0, 0,
    0, 0, 0, 0, 0, 0, 0, 0,
    0, 0, 0, 0, 0, -12, 0, -17,
    0, -15, 0, 0, 0, 0, -5, -5,
    -10, 0, -6, -10, -7, -7, -5, 0,
    -9, 0, 0, 0, -5, 0, 0, 0,
    -5, 0, 0, -17, -7, -11, -9, -9,
    -11, -7, 0, -42, 0, -64, 0, -21,
    0, 0, 0, 0, -17, -1, -13, 0,
    -11, -49, -14, -32, -24, 0, -33, 0,
    -33, 0, -6, -7, -4, 0, 0, 0,
    0, -10, -5, -18, -15, 0, -18, 0,
    0, 0, 0, 0, -48, -13, -48, -30,
    0, 0, 0, -21, 0, -59, -5, -10,
    0, 0, 0, -11, -5, -31, 0, -17,
    -11, 0, -12, 0, 0, 0, -5, 0,
    0, 0, 0, -7, 0, -9, 0, 0,
    0, -5, 0, -12, 0, 0, 0, 0,
    0, -4, 0, -8, -7, -7, 0, -1,
    0, -4, -4, -5, 0, -4, -5, 0,
    -4, 0, 0, 0, 0, 0, 0, 0,
    0, -5, 0, -5, 0, 0, 0, -7,
    0, 5, 0, 0, 0, 0, 0, 0,
    0, -7, -7, -9, 0, 0, 0, 0,
    -7, 0, 0, 0, 0, 0, 0, 0,
    0, 0, 0, -11, 0, 0, 0, 0,
    0, -3, 0, 0, 0, 0, -44, -29,
    -44, -35, -9, -9, 0, -17, -11, -51,
    -15, 0, 0, 0, 0, -9, -7, -21,
    0, -29, -29, -8, -29, 0, 0, -19,
    -25, -8, -19, -13, -14, -15, -13, -30,
    0, 0, 0, 0, -9, 0, -9, -12,
    0, 0, 0, -7, 0, -21, -5, 0,
    0, -4, 0, -5, -7, 0, 0, -4,
    0, 0, -5, 0, 0, 0, -4, 0,
    0, 0, 0, -5, 0, 0, 0, 0,
    0, 0, -28, -9, -28, -18, 0, 0,
    0, -7, -5, -29, -5, 0, -5, 2,
    0, 0, 0, -9, 0, -12, -8, 0,
    -10, 0, 0, -9, -7, 0, -13, -5,
    -5, -8, -5, -11, 0, 0, 0, 0,
    -15, -5, -15, -11, 0, 0, 0, 0,
    -3, -25, -3, 0, 0, 0, 0, 0,
    0, -3, 0, -7, 0, 0, -5, 0,
    0, 0, 0, 0, 0, 0, 0, 0,
    0, -5, 0, -5, 0, -5, 0, -13,
    0, 0, 0, 0, 0, -1, -10, -4,
    -7, -9, -5, 0, 0, 0, 0, 0,
    0, -5, -5, -9, 0, 0, 0, 0,
    0, -9, -5, -9, -7, -5, -9, -7,
    0, 0, 0, 0, -40, -29, -40, -26,
    -13, -13, -5, -7, -7, -41, -8, -7,
    -5, 0, 0, 0, 0, -11, 0, -29,
    -19, 0, -25, 0, 0, -17, -19, -15,
    -15, -7, -11, -15, -7, -21, 0, 0,
    0, 0, 0, -14, 0, 0, 0, 0,
    0, -3, -9, -13, -13, 0, -5, -3,
    -3, 0, -7, -7, 0, -7, -9, -9,
    -7, 0, 0, 0, 0, -7, -10, -7,
    -7, -11, -7, 0, 0, 0, 0, 0,
    0, 0, 0, 0, 0, 0, 0, 0,
    0, 0, 0, -33, -12, -21, -12, 0,
    -29, 0, 0, 0, 0, 0, 11, 0,
    26, 0, 0, 0, 0, -9, -5, 0,
    2, 0, 0, 0, 0, -21, 0, 0,
    0, 0, 0, 0, -8, 0, 0, 0,
    0, -11, 0, -9, -4, 0, -11, 0,
    0, 0, 0, 0, 0, 0, 0, 0,
    0, -7, 0, 0, 0, 0, 0, 0,
    0, -12, 0, -10, -5, 0, -5, 0,
    0, 0, -8, 0, 0, 0, 0, -24,
    0, -9, 0, -4, -21, 0, -13, -7,
    0, -2, 0, 0, 0, 0, -2, -10,
    0, -4, -4, -10, -4, -5, 0, 0,
    0, 0, 0, -11, 0, 0, 0, 0,
    0, 0, 0, 0, 0, -9, 0, -7,
    0, 0, -11, 0, 0, -5, -11, 0,
    -5, 0, 0, 0, 0, -5, 0, 0,
    0, 0, 0, 0, 0, 0, 0, -14,
    0, 2, 0, 0, 0, 0, -5, 0,
    0, -9, -9, -11, 0, -9, -5, 0,
    -13, 0, -11, -7, 0, -2, -5, 0,
    0, 0, 0, -5, 0, -1, -1, -5,
    -1, -2, 3, 14, 17, 0, -23, -7,
    -23, -6, 0, 0, 8, 0, 0, 0,
    0, 17, 0, 24, 17, 11, 20, 0,
    20, -9, -5, 0, -7, 0, -5, 0,
    -4, 0, 0, 2, 0, -4, 0, -7,
    0, 0, 3, -13, 0, 0, 0, 15,
    0, 0, -17, 0, 0, 0, 0, -13,
    0, 0, 0, 0, -7, 0, 0, -8,
    -7, 0, 0, 0, 14, 0, 0, 0,
    0, -4, -4, 0, 3, -7, 0, 0,
    0, -14, 0, 0, 0, 0, 0, 0,
    -5, 0, 0, 0, 0, -11, 0, -5,
    0, 0, -9, 0, 0, 0, 0, 0,
    0, 0, 0, 0, 0, 0, 0, 0,
    0, 0, 0, 0, 0, 0, 0, -10,
    2, -23, 2, 0, 2, 2, -8, 0,
    0, 0, 0, -17, 0, 0, 0, 0,
    -7, 0, 0, -5, -10, 0, -5, 0,
    -5, 0, 0, -12, -7, 0, 0, -5,
    0, -5, 0, 0, 0, 0, 0, 0,
    0, 0, 0, 0, 0, 0, 0, 0,
    0, 0, 0, 0, 0, 0, 0, 0,
    0, 0, 0, 0, 0, 0, 2, 0,
    0, 0, 0, 0, 0, 0, 0, 0,
    0, 0, 0, -10, 0, 0, 0, 0,
    0, 0, 0, 0, 0, 0, 0, -9,
    0, -7, 0, 0, -13, 0, 0, 0,
    0, 0, 0, 0, 0, 0, 0, 0,
    0, 0, 0, 0, 0, 0, 0, 0,
    0, 0, -27, -11, -27, -14, 6, 6,
    0, -7, 0, -25, 0, 0, 0, 0,
    0, 0, 0, -5, 2, -11, -5, 0,
    -5, 0, 0, 0, -4, 0, 0, 6,
    5, 0, 6, -4, 0, 0, 0, -19,
    0, 2, 0, 0, 0, 0, -7, 0,
    0, 0, 0, -11, 0, -5, 0, 0,
    -9, 0, 0, 0, 0, 0, 0, 0,
    0, 0, 0, -9, 0, 0, 0, 0,
    0, 0, 0, 0, 0, 0, -1, -13,
    -1, 1, 3, 3, -13, 0, 0, 0,
    0, -7, 0, 0, 0, 0, -4, 0,
    0, -10, -7, 0, -5, 0, 0, 0,
    -5, -9, 0, 0, 0, -7, 0, 0,
    0, 0, 0, -6, -18, -5, -18, -9,
    0, 0, 0, -6, 0, -17, 0, -9,
    0, -5, 0, 0, -7, -5, 0, -9,
    -4, 0, 0, 0, -5, 0, 0, 0,
    0, 0, 0, 0, 0, -11, 0, 0,
    0, -6, -21, 0, -21, -4, 0, 0,
    0, -4, 0, -13, 0, -11, 0, -5,
    0, -7, -11, 0, 0, -5, -4, 0,
    0, 0, -5, 0, 0, 0, 0, 0,
    0, 0, 0, -10, -7, 0, 0, -10,
    2, -7, -5, 0, 0, 2, 0, 0,
    -5, 0, -4, -13, 0, -8, 0, -5,
    -15, 0, 0, -5, -10, 0, 0, 0,
    0, 0, 0, -11, 0, 0, 0, 0,
    -4, 0, 0, 0, 0, 0, -18, 0,
    -18, -6, 0, 0, 0, 0, 0, -17,
    0, -9, 0, -4, 0, -4, -5, 0,
    0, -9, -4, 0, 0, 0, -5, 0,
    0, 0, 0, 0, 0, -7, 0, -11,
    0, 0, 0, 0, 0, -9, 0, 0,
    0, 0, 0, 0, 0, 0, 0, -11,
    0, 0, 0, 0, -12, 0, 0, -10,
    -5, 0, -3, 0, 0, 0, 0, 0,
    -5, -4, 0, 0, -4, 0
};


/*Collect the kern class' data in one place*/
static const lv_font_fmt_txt_kern_classes_t kern_classes =
{
    .class_pair_values   = kern_class_values,
    .left_class_mapping  = kern_left_class_mapping,
    .right_class_mapping = kern_right_class_mapping,
    .left_class_cnt      = 45,
    .right_class_cnt     = 38,
};

/*--------------------
 *  ALL CUSTOM DATA
 *--------------------*/

#if LVGL_VERSION_MAJOR == 8
/*Store all the custom data of the font*/
static  lv_font_fmt_txt_glyph_cache_t cache;
#endif

#if LVGL_VERSION_MAJOR >= 8
static const lv_font_fmt_txt_dsc_t font_dsc = {
#else
static lv_font_fmt_txt_dsc_t font_dsc = {
#endif
    .glyph_bitmap = glyph_bitmap,
    .glyph_dsc = glyph_dsc,
    .cmaps = cmaps,
    .kern_dsc = &kern_classes,
    .kern_scale = 16,
    .cmap_num = 2,
    .bpp = 4,
    .kern_classes = 1,
    .bitmap_format = 0,
#if LVGL_VERSION_MAJOR == 8
    .cache = &cache
#endif
};



/*-----------------
 *  PUBLIC FONT
 *----------------*/

/*Initialize a public general font descriptor*/
#if LVGL_VERSION_MAJOR >= 8
const lv_font_t roundwing_font_22 = {
#else
lv_font_t roundwing_font_22 = {
#endif
    .get_glyph_dsc = lv_font_get_glyph_dsc_fmt_txt,    /*Function pointer to get glyph's data*/
    .get_glyph_bitmap = lv_font_get_bitmap_fmt_txt,    /*Function pointer to get glyph's bitmap*/
    .line_height = 27,          /*The maximum line height required by the font*/
    .base_line = 6,             /*Baseline measured from the bottom of the line*/
#if !(LVGL_VERSION_MAJOR == 6 && LVGL_VERSION_MINOR == 0)
    .subpx = LV_FONT_SUBPX_NONE,
#endif
#if LV_VERSION_CHECK(7, 4, 0) || LVGL_VERSION_MAJOR >= 8
    .underline_position = -3,
    .underline_thickness = 1,
#endif
    .dsc = &font_dsc,          /*The custom font data. Will be accessed by `get_glyph_bitmap/dsc` */
#if LV_VERSION_CHECK(8, 2, 0) || LVGL_VERSION_MAJOR >= 9
    .fallback = NULL,
#endif
    .user_data = NULL,
};



#endif /*#if ROUNDWING_FONT_22*/

